Rk,Player,Pos,Age,Tm,G,MP,PER,TS%,3PAr,FTr,ORB%,DRB%,TRB%,AST%,STL%,BLK%,TOV%,USG%,,OWS,DWS,WS,WS/48,,OBPM,DBPM,BPM,VORP
1,Alex Abrines\abrinal01,SG,25,OKC,31,588,6.3,.507,.809,.083,0.9,7.7,4.2,4.3,1.3,0.9,7.9,12.2,,0.1,0.6,0.7,.054,,-2.5,-0.9,-3.3,-0.2
2,Quincy Acy\acyqu01,PF,28,PHO,10,123,2.9,.379,.833,.556,2.7,20.3,11.3,8.2,0.4,2.7,15.2,9.2,,-0.1,0.1,0.0,-0.018,,-5.7,-0.2,-5.8,-0.1
3,Jaylen Adams\adamsja01,PG,22,ATL,24,268,8.4,.512,.754,.043,3.1,11.3,7.1,20.8,1.0,0.6,18.5,13.1,,0.1,0.1,0.2,.034,,-2.0,-2.4,-4.4,-0.2
4,Steven Adams\adamsst01,C,25,OKC,70,2363,18.5,.599,.001,.374,14.3,15.0,14.6,6.7,2.1,2.1,13.2,16.4,,4.5,3.6,8.1,.165,,0.6,2.1,2.8,2.8
5,Bam Adebayo\adebaba01,C,21,MIA,71,1611,17.5,.627,.026,.514,9.4,23.1,16.3,14.2,1.8,3.1,18.0,15.5,,2.9,2.7,5.7,.169,,-0.5,3.5,3.0,2.0
6,Deng Adel\adelde01,SF,21,CLE,15,181,1.4,.369,.636,.061,1.2,9.5,5.2,2.9,0.3,1.9,12.9,9.4,,-0.3,0.0,-0.3,-0.072,,-6.0,-1.6,-7.6,-0.3
7,DeVaughn Akoon-Purcell\akoonde01,SG,25,DEN,7,22,8.3,.322,.400,.200,4.9,14.9,9.9,36.7,4.5,0.0,15.5,24.9,,-0.1,0.0,0.0,-0.046,,-4.3,0.7,-3.6,0.0
8,LaMarcus Aldridge\aldrila01,C,33,SAS,71,2345,22.5,.576,.030,.318,9.9,19.7,14.9,11.7,0.8,3.2,9.3,27.0,,5.4,2.4,7.8,.159,,1.1,0.3,1.3,2.0
9,Rawle Alkins\alkinra01,SG,21,CHI,3,6,37.9,.375,.250,.000,54.6,0.0,27.4,51.0,8.1,0.0,0.0,29.2,,0.0,0.0,0.0,.353,,20.0,7.2,27.2,0.0
10,Grayson Allen\allengr01,SG,23,UTA,32,300,4.6,.468,.632,.342,0.4,3.6,2.0,8.5,0.6,0.8,11.8,21.7,,-0.4,0.3,-0.1,-0.023,,-4.4,-3.5,-7.9,-0.5
11,Jarrett Allen\allenja01,C,20,BRK,71,1887,19.0,.634,.083,.477,9.8,23.5,16.7,8.0,1.1,4.6,12.5,15.9,,4.2,2.9,7.1,.180,,-0.4,3.2,2.9,2.3
12,Kadeem Allen\allenka01,SG,26,NYK,13,296,14.8,.572,.229,.292,2.1,10.3,6.0,26.3,1.9,0.3,14.2,18.1,,0.4,0.1,0.6,.095,,-0.1,-1.9,-1.9,0.0
13,Al-Farouq Aminu\aminual01,PF,28,POR,71,2032,12.9,.575,.489,.288,5.3,22.1,13.9,6.0,1.5,1.1,10.1,13.1,,2.7,2.4,5.1,.120,,0.1,1.0,1.1,1.6
14,Justin Anderson\anderju01,SF,25,ATL,38,284,8.0,.456,.469,.219,4.4,13.4,8.8,6.4,2.1,2.5,12.5,17.3,,-0.3,0.2,0.0,-0.006,,-4.7,-0.8,-5.5,-0.2
15,Kyle Anderson\anderky01,SF,25,MEM,43,1281,12.8,.569,.123,.232,4.2,18.2,11.1,15.1,2.1,2.8,16.0,12.7,,0.8,1.9,2.8,.104,,-2.0,3.4,1.4,1.1
16,Ryan Anderson\anderry01,PF,30,TOT,21,304,4.5,.431,.576,.242,5.7,11.9,8.8,7.8,0.5,0.3,16.1,12.3,,-0.2,0.0,-0.2,-0.033,,-4.3,-2.1,-6.4,-0.3
16,Ryan Anderson\anderry01,PF,30,PHO,15,278,4.6,.423,.567,.233,5.5,12.7,9.0,8.1,0.5,0.3,15.4,12.0,,-0.2,0.0,-0.2,-0.035,,-4.4,-2.0,-6.4,-0.3
16,Ryan Anderson\anderry01,PF,30,MIA,6,26,4.1,.509,.667,.333,8.3,4.1,6.2,5.1,0.0,0.0,22.5,14.6,,0.0,0.0,0.0,-0.019,,-3.8,-3.2,-7.0,0.0
17,Ike Anigbogu\anigbik01,C,20,IND,3,6,-6.0,.000,.000,.000,19.0,36.4,27.9,19.5,0.0,14.9,25.0,29.2,,-0.1,0.0,-0.1,-0.478,,-22.6,8.6,-14.0,0.0
18,Giannis Antetokounmpo\antetgi01,PF,24,MIL,65,2144,30.7,.643,.155,.546,7.4,30.5,19.6,30.7,1.9,3.6,15.3,32.1,,7.9,5.0,13.0,.291,,5.6,5.1,10.7,6.9
19,Kostas Antetokounmpo\antetko01,PF,21,DAL,1,6,1.2,.174,.000,1.000,0.0,17.9,9.0,0.0,16.2,0.0,25.8,27.8,,-0.1,0.0,0.0,-0.314,,-19.3,8.4,-10.9,0.0
20,Carmelo Anthony\anthoca01,PF,34,HOU,10,294,11.0,.513,.529,.182,3.3,17.6,10.3,2.7,0.7,2.0,5.8,20.5,,0.1,0.2,0.3,.042,,-3.0,-3.2,-6.2,-0.3
21,OG Anunoby\anunoog01,SF,21,TOR,61,1245,10.1,.546,.501,.148,4.8,11.2,8.1,4.5,1.6,1.3,10.6,15.5,,0.4,1.5,1.9,.074,,-1.1,0.1,-1.0,0.3
22,Ryan Arcidiacono\arcidry01,PG,24,CHI,72,1758,11.0,.595,.568,.238,1.2,10.3,5.8,18.8,1.6,0.2,13.4,10.8,,2.4,0.8,3.2,.087,,-0.2,-1.0,-1.1,0.4
23,Trevor Ariza\arizatr01,SF,33,TOT,68,2342,12.0,.533,.589,.223,2.3,15.3,8.7,14.8,1.8,0.8,11.7,16.6,,1.3,1.3,2.6,.053,,-0.1,-0.3,-0.5,0.9
23,Trevor Ariza\arizatr01,SF,33,PHO,26,884,10.5,.525,.612,.189,2.0,16.6,9.1,13.5,2.1,0.8,13.7,13.8,,0.2,0.5,0.7,.039,,-1.2,0.4,-0.8,0.3
23,Trevor Ariza\arizatr01,SF,33,WAS,42,1458,13.0,.537,.578,.238,2.5,14.5,8.5,15.6,1.7,0.7,10.7,18.2,,1.1,0.8,1.9,.062,,0.5,-0.7,-0.2,0.7
24,D.J. Augustin\augusdj01,PG,31,ORL,71,1966,15.9,.626,.469,.321,1.9,7.0,4.4,26.4,1.1,0.1,13.9,16.9,,4.6,1.6,6.2,.152,,1.8,-2.0,-0.2,0.9
25,Deandre Ayton\aytonde01,C,20,PHO,66,2043,20.7,.608,.005,.215,11.1,26.2,18.5,10.1,1.4,2.5,11.2,21.0,,4.1,1.7,5.8,.137,,0.2,0.5,0.8,1.4
26,Dwayne Bacon\bacondw01,SG,23,CHO,31,419,10.6,.574,.290,.221,1.0,13.1,6.9,8.8,0.6,0.4,8.3,16.1,,0.4,0.2,0.6,.066,,-2.2,-2.5,-4.7,-0.3
27,Marvin Bagley\baglema01,PF,19,SAC,51,1255,19.1,.580,.129,.397,10.0,19.9,14.9,6.2,1.0,3.2,11.3,23.3,,1.9,1.4,3.3,.125,,-0.8,-0.4,-1.2,0.3
28,Ron Baker\bakerro01,SG,25,TOT,15,152,2.5,.309,.650,.300,0.7,7.2,3.9,12.8,1.9,0.6,18.1,7.7,,-0.2,0.1,-0.1,-0.034,,-5.8,-0.8,-6.6,-0.2
28,Ron Baker\bakerro01,SG,25,NYK,11,107,4.4,.376,.563,.375,1.0,6.1,3.4,16.0,2.2,0.0,13.9,8.6,,0.0,0.0,0.0,.002,,-4.5,-1.5,-6.0,-0.1
28,Ron Baker\bakerro01,SG,25,WAS,4,45,-2.0,.000,1.000,.000,0.0,9.8,4.9,5.1,1.1,1.9,33.3,5.7,,-0.1,0.0,-0.1,-0.120,,-8.8,0.8,-8.0,-0.1
29,Wade Baldwin\baldwwa01,PG,22,POR,16,94,1.3,.396,.273,.333,2.3,14.4,8.5,16.8,0.5,1.7,27.0,23.3,,-0.4,0.1,-0.3,-0.153,,-9.4,-1.4,-10.8,-0.2
30,Lonzo Ball\balllo01,PG,21,LAL,47,1423,11.8,.487,.500,.105,4.0,14.0,9.1,23.8,2.3,1.1,17.8,16.9,,-0.2,1.6,1.5,.050,,-0.9,1.3,0.4,0.9
31,Mohamed Bamba\bambamo01,C,20,ORL,47,766,15.0,.539,.288,.259,8.8,23.8,16.2,7.5,0.8,7.0,13.7,17.9,,0.3,1.4,1.7,.107,,-3.3,3.3,-0.1,0.4
32,J.J. Barea\bareajo01,PG,34,DAL,38,752,16.5,.495,.332,.203,1.9,11.7,6.8,47.9,1.4,0.1,14.7,28.1,,0.5,0.5,1.0,.065,,1.1,-2.3,-1.2,0.2
33,Harrison Barnes\barneha02,PF-SF,26,TOT,65,2153,13.1,.547,.435,.270,2.5,12.9,7.7,6.7,1.1,0.5,7.8,21.5,,1.7,1.5,3.2,.070,,-0.6,-1.8,-2.4,-0.2
33,Harrison Barnes\barneha02,PF,26,DAL,49,1584,13.2,.538,.434,.276,2.5,11.6,7.1,6.3,1.0,0.6,7.8,23.6,,1.0,1.0,2.0,.060,,-0.8,-2.2,-3.1,-0.4
33,Harrison Barnes\barneha02,SF,26,SAC,16,569,12.9,.582,.439,.244,2.5,16.6,9.4,7.7,1.2,0.1,7.9,15.7,,0.7,0.5,1.2,.100,,0.1,-0.6,-0.5,0.2
34,Will Barton\bartowi01,SG,28,DEN,30,850,12.7,.524,.425,.184,3.1,15.8,9.4,16.1,0.9,1.8,12.0,20.4,,0.5,0.8,1.4,.076,,-0.8,-0.3,-1.1,0.2
35,Keita Bates-Diop\bateske01,SF,23,MIN,19,293,9.5,.474,.398,.241,3.6,14.4,9.0,5.0,1.1,2.6,7.1,14.1,,0.0,0.2,0.2,.028,,-3.3,-0.6,-3.9,-0.1
36,Nicolas Batum\batumni01,SF,30,CHO,69,2221,12.3,.587,.526,.162,3.3,14.8,8.9,14.9,1.5,1.6,16.3,13.6,,2.1,1.7,3.8,.083,,0.2,0.9,1.2,1.8
37,Jerryd Bayless\bayleje01,PG,30,MIN,26,510,7.5,.423,.469,.067,1.9,8.1,4.9,23.1,1.2,0.2,12.4,17.3,,-0.3,0.1,-0.2,-0.015,,-2.6,-2.9,-5.5,-0.4
38,Aron Baynes\baynear01,C,32,BOS,43,634,14.0,.557,.307,.302,11.7,18.6,15.2,10.4,0.7,3.5,13.6,15.9,,1.0,0.8,1.8,.138,,-0.9,1.1,0.2,0.4
39,Kent Bazemore\bazemke01,SG,29,ATL,58,1470,12.5,.517,.422,.266,2.5,14.7,8.5,13.8,2.6,2.4,14.1,22.0,,-0.4,1.4,1.0,.033,,-1.9,0.3,-1.6,0.1
40,Bradley Beal\bealbr01,SG,25,WAS,72,2715,20.8,.584,.373,.279,3.3,12.0,7.6,24.1,1.9,1.7,11.4,28.4,,5.4,1.6,6.9,.123,,3.9,-1.0,2.9,3.3
41,Malik Beasley\beaslma01,SG,22,DEN,69,1640,14.7,.620,.548,.079,2.0,9.6,5.8,7.7,1.3,0.4,6.2,17.9,,3.1,1.3,4.5,.131,,2.1,-2.0,0.1,0.9
42,Michael Beasley\beaslmi01,PF,30,LAL,26,277,16.0,.532,.111,.255,5.0,17.2,11.2,14.8,1.5,2.9,13.7,29.6,,-0.1,0.3,0.2,.037,,-3.7,-0.6,-4.3,-0.2
43,Marco Belinelli\belinma01,SG,32,SAS,70,1620,12.8,.569,.572,.192,1.0,10.6,5.8,10.5,1.0,0.4,8.4,19.7,,1.7,0.9,2.6,.078,,1.0,-2.4,-1.4,0.2
44,Jordan Bell\belljo01,C,24,GSW,58,663,13.5,.551,.014,.240,8.1,17.5,13.0,12.3,1.4,5.5,16.5,12.4,,0.7,0.9,1.6,.114,,-2.5,3.1,0.6,0.4
45,DeAndre' Bembry\bembrde01,SG,24,ATL,72,1725,9.9,.497,.287,.197,2.5,16.6,9.5,14.6,2.3,2.0,17.6,16.8,,-1.1,1.5,0.5,.013,,-3.7,1.1,-2.6,-0.2
46,Dragan Bender\bendedr01,PF,21,PHO,36,514,8.5,.512,.545,.236,4.9,19.9,12.2,8.4,0.9,1.3,14.5,13.2,,0.0,0.2,0.2,.018,,-3.5,-1.1,-4.5,-0.3
47,Dairis Bertans\bertada02,SG,29,NOP,5,46,1.7,.385,.615,.000,4.6,4.5,4.5,5.3,0.0,0.0,13.3,13.4,,-0.1,0.0,-0.1,-0.077,,-4.9,-3.8,-8.8,-0.1
48,Davis Bertans\bertada01,PF,26,SAS,66,1428,13.4,.645,.742,.140,1.8,16.0,9.0,7.5,1.1,1.8,7.9,13.7,,2.4,1.2,3.7,.124,,1.9,-0.3,1.7,1.3
49,Patrick Beverley\beverpa01,PG,30,LAC,72,1987,11.8,.559,.573,.275,3.9,15.2,9.7,18.0,1.5,1.6,13.4,11.9,,2.7,1.9,4.6,.112,,1.2,1.3,2.5,2.3
50,Khem Birch\birchkh01,C,26,ORL,40,491,19.3,.652,.009,.537,12.6,20.2,16.4,8.8,1.4,3.9,10.7,13.3,,1.4,0.8,2.2,.217,,-0.1,2.7,2.5,0.6
51,Bismack Biyombo\biyombi01,C,26,CHO,42,601,15.2,.621,.000,.667,10.9,23.1,16.9,4.8,0.6,5.8,14.0,12.3,,1.1,0.7,1.8,.143,,-2.4,1.9,-0.6,0.2
52,Nemanja Bjelica\bjeline01,PF,30,SAC,66,1540,15.1,.577,.443,.152,7.1,19.0,12.9,11.2,1.4,2.9,12.3,16.9,,1.9,1.8,3.7,.117,,0.5,1.4,1.9,1.5
53,Antonio Blakeney\blakean01,SG,22,CHI,51,699,10.9,.499,.234,.195,0.9,12.7,6.8,6.7,0.7,1.1,8.1,24.7,,-0.6,0.2,-0.4,-0.025,,-4.7,-3.8,-8.6,-1.2
54,Eric Bledsoe\bledser01,PG,29,MIL,70,2060,19.0,.572,.384,.243,4.0,12.0,8.2,27.0,2.3,0.9,13.2,22.8,,3.9,3.4,7.3,.170,,2.3,0.8,3.2,2.7
55,Jaron Blossomgame\blossja01,SF,25,CLE,27,439,10.2,.510,.368,.123,6.3,18.9,12.3,4.3,0.8,1.6,9.0,12.2,,0.2,0.1,0.3,.033,,-3.0,-1.4,-4.3,-0.3
56,Bogdan Bogdanovic\bogdabo01,SG,26,SAC,58,1625,13.7,.522,.424,.194,1.7,11.7,6.6,19.4,1.8,0.7,11.4,22.6,,0.7,1.4,2.1,.061,,0.1,-1.0,-0.9,0.5
57,Bojan Bogdanovic\bogdabo02,SF,29,IND,72,2298,15.8,.612,.369,.296,1.6,12.5,7.2,9.0,1.3,0.0,10.1,22.1,,3.5,2.6,6.1,.127,,1.2,-1.4,-0.1,1.1
58,Andrew Bogut\bogutan01,C,34,GSW,2,32,11.7,.533,.000,.125,7.0,35.3,21.7,16.0,1.5,0.0,19.2,13.9,,0.0,0.0,0.1,.107,,-4.0,1.0,-3.0,0.0
59,Jonah Bolden\boldejo01,PF,23,PHI,37,488,12.0,.592,.575,.175,7.4,20.3,14.1,8.1,1.4,5.3,19.3,13.8,,0.2,0.8,1.0,.097,,-1.6,2.5,1.0,0.4
60,Isaac Bonga\bongais01,PG,19,LAL,12,45,7.0,.295,.231,.692,9.4,15.8,12.7,18.6,3.1,1.8,19.1,19.4,,-0.1,0.1,-0.1,-0.074,,-7.4,1.9,-5.5,0.0
61,Devin Booker\bookede01,SG,22,PHO,57,2007,19.0,.572,.333,.356,1.9,11.5,6.6,33.6,1.2,0.5,15.5,32.1,,2.3,0.4,2.7,.064,,3.1,-2.8,0.3,1.2
62,Chris Boucher\bouchch01,PF,26,TOR,24,126,23.6,.540,.508,.246,12.2,21.8,17.1,0.0,2.3,13.8,4.2,24.0,,0.2,0.3,0.6,.217,,-2.1,1.3,-0.8,0.0
63,Avery Bradley\bradlav01,SG,28,TOT,63,1905,7.7,.496,.403,.082,2.5,7.4,4.9,11.9,1.0,0.7,12.4,16.2,,-0.6,1.0,0.4,.011,,-1.7,-1.0,-2.6,-0.3
63,Avery Bradley\bradlav01,SG,28,LAC,49,1463,5.6,.464,.410,.060,2.6,6.8,4.7,8.9,0.9,0.9,12.4,14.2,,-0.9,0.7,-0.3,-0.009,,-2.3,-0.7,-3.0,-0.4
63,Avery Bradley\bradlav01,SG,28,MEM,14,442,14.6,.565,.388,.133,2.0,9.3,5.6,21.8,1.6,0.0,12.3,23.1,,0.3,0.4,0.7,.076,,0.6,-2.0,-1.4,0.1
64,Tony Bradley\bradlto01,C,21,UTA,1,9,-10.4,.000,.000,.000,24.3,11.9,18.1,0.0,0.0,0.0,25.0,19.0,,-0.1,0.0,-0.1,-0.339,,-17.4,-5.5,-22.9,0.0
65,Corey Brewer\breweco01,SF,32,TOT,19,319,11.1,.539,.393,.382,2.6,8.8,5.7,10.0,2.9,1.3,10.3,15.1,,0.2,0.4,0.6,.091,,-1.4,0.4,-1.0,0.1
65,Corey Brewer\breweco01,SF,32,PHI,7,140,10.8,.484,.286,.265,3.1,9.6,6.5,10.0,4.0,1.1,12.8,18.8,,-0.1,0.2,0.1,.047,,-3.1,1.0,-2.1,0.0
65,Corey Brewer\breweco01,SF,32,SAC,12,179,11.3,.599,.525,.525,2.3,8.2,5.2,9.9,2.1,1.4,7.5,12.2,,0.3,0.2,0.5,.124,,0.0,-0.1,-0.1,0.1
66,Mikal Bridges\bridgmi01,SF,22,PHO,72,2049,11.1,.564,.578,.214,2.6,10.0,6.2,9.8,2.7,1.3,10.4,12.1,,1.6,1.2,2.9,.067,,-0.3,0.6,0.3,1.2
67,Miles Bridges\bridgmi02,SF,20,CHO,68,1306,12.1,.529,.388,.168,4.2,16.9,10.5,6.6,1.5,2.5,8.5,15.4,,0.7,1.2,1.9,.069,,-2.0,0.2,-1.8,0.1
68,Isaiah Briscoe\briscis01,PG,22,ORL,39,559,6.8,.455,.246,.188,0.9,13.3,7.0,21.3,1.0,0.3,17.2,14.1,,-0.3,0.6,0.3,.024,,-5.1,-0.5,-5.6,-0.5
69,Ryan Broekhoff\broekry01,SG,28,DAL,32,259,9.2,.560,.760,.027,1.7,12.4,7.1,8.5,0.6,1.0,8.4,13.7,,0.2,0.2,0.3,.063,,-1.5,-1.7,-3.2,-0.1
70,Malcolm Brogdon\brogdma01,SG,26,MIL,64,1832,17.9,.614,.326,.203,3.8,11.8,8.0,16.2,1.2,0.6,10.0,20.8,,4.3,2.4,6.6,.174,,1.9,-0.3,1.6,1.7
71,Dillon Brooks\brookdi01,SF,23,MEM,18,330,7.6,.499,.328,.246,3.0,7.6,5.3,7.7,1.5,1.2,12.3,21.0,,-0.3,0.3,0.0,-0.002,,-4.2,-1.7,-5.9,-0.3
72,MarShon Brooks\brookma01,SG,30,MEM,29,387,11.7,.518,.320,.195,3.5,9.8,6.6,11.1,1.2,1.0,10.3,23.8,,-0.2,0.3,0.2,.020,,-2.9,-2.5,-5.4,-0.3
73,Bruce Brown\brownbr01,SG,22,DET,62,1221,6.5,.453,.297,.180,3.5,11.5,7.3,8.6,1.2,2.2,11.8,12.2,,-0.4,1.3,0.9,.036,,-4.1,1.5,-2.5,-0.2
74,Jaylen Brown\brownja02,SG,22,BOS,67,1738,13.3,.542,.347,.241,3.8,14.0,8.8,7.4,1.7,1.5,10.0,22.0,,0.5,2.2,2.7,.075,,-1.7,-0.6,-2.3,-0.1
75,Lorenzo Brown\brownlo01,PG,28,TOR,26,212,6.4,.380,.394,.042,2.6,13.0,7.9,17.4,2.7,2.0,18.1,17.8,,-0.5,0.3,-0.1,-0.026,,-5.7,1.6,-4.1,-0.1
76,Sterling Brown\brownst02,SG,23,MIL,48,769,10.3,.563,.521,.117,3.4,13.8,8.9,10.1,1.2,0.5,12.5,14.0,,0.5,1.0,1.6,.099,,-1.5,0.0,-1.5,0.1
77,Troy Brown\browntr01,SF,19,WAS,42,427,12.2,.477,.263,.234,5.3,20.2,12.7,18.4,1.5,0.6,10.1,16.7,,0.2,0.3,0.5,.057,,-2.7,-0.8,-3.5,-0.2
78,Jalen Brunson\brunsja01,PG,22,DAL,63,1314,12.9,.553,.316,.203,1.9,10.0,6.0,21.6,1.3,0.3,12.7,18.8,,1.3,0.8,2.2,.080,,-0.8,-1.4,-2.2,-0.1
79,Thomas Bryant\bryanth01,C,21,WAS,62,1180,21.2,.678,.185,.283,8.0,24.8,16.3,9.2,0.9,4.0,9.1,17.3,,3.5,1.1,4.6,.186,,1.1,0.4,1.6,1.1
80,Reggie Bullock\bullore01,SG,27,TOT,60,1797,10.4,.562,.663,.147,1.3,8.7,4.9,10.3,1.0,0.5,9.6,15.8,,1.5,1.3,2.8,.076,,0.1,-1.0,-0.9,0.5
80,Reggie Bullock\bullore01,SG,27,DET,44,1355,11.0,.569,.667,.145,1.6,8.6,5.0,12.0,0.9,0.3,10.3,16.6,,1.4,1.0,2.4,.084,,0.7,-1.1,-0.4,0.6
80,Reggie Bullock\bullore01,SG,27,LAL,16,442,8.4,.537,.650,.154,0.5,8.9,4.8,5.0,1.3,1.1,7.1,13.3,,0.1,0.3,0.4,.049,,-1.6,-0.7,-2.3,0.0
81,Trey Burke\burketr01,PG,26,TOT,47,892,15.8,.510,.252,.224,2.7,7.3,4.9,22.1,1.6,0.6,8.0,25.1,,0.7,0.3,1.1,.058,,-0.1,-3.0,-3.1,-0.2
81,Trey Burke\burketr01,PG,26,NYK,33,689,15.7,.496,.240,.209,2.2,7.4,4.7,23.4,1.5,0.6,6.9,25.9,,0.5,0.2,0.7,.046,,0.0,-3.3,-3.3,-0.2
81,Trey Burke\burketr01,PG,26,DAL,14,203,16.2,.566,.301,.289,4.3,6.9,5.6,17.8,1.9,0.4,12.2,22.5,,0.3,0.1,0.4,.097,,-0.2,-2.0,-2.1,0.0
82,Alec Burks\burksal01,SG,27,TOT,62,1361,12.7,.523,.354,.297,2.3,16.8,9.3,13.9,1.4,1.3,10.8,19.2,,0.7,0.8,1.5,.053,,-1.5,-0.6,-2.1,0.0
82,Alec Burks\burksal01,SG,27,UTA,17,269,12.5,.547,.377,.333,0.8,10.0,5.4,11.4,1.1,1.2,10.3,23.2,,0.2,0.3,0.5,.083,,-2.1,-1.6,-3.7,-0.1
82,Alec Burks\burksal01,SG,27,CLE,34,979,13.2,.517,.350,.288,2.8,18.8,10.5,15.1,1.3,1.4,10.7,19.2,,0.6,0.3,0.9,.045,,-1.0,-0.6,-1.6,0.1
82,Alec Burks\burksal01,SG,27,SAC,11,113,8.5,.495,.300,.250,0.9,15.7,8.2,8.7,2.9,0.8,15.3,9.5,,0.0,0.1,0.1,.053,,-4.1,1.8,-2.3,0.0
83,Deonte Burton\burtode02,SG,25,OKC,27,229,7.4,.485,.312,.130,1.8,9.7,5.6,4.7,1.2,2.9,10.0,16.0,,-0.1,0.3,0.2,.036,,-5.4,-0.5,-5.9,-0.2
84,Jimmy Butler\butleji01,SF-SG,29,TOT,59,1994,20.8,.577,.218,.396,5.9,10.2,8.1,18.4,2.7,1.5,8.1,22.5,,5.2,2.3,7.6,.182,,3.0,0.7,3.7,2.9
84,Jimmy Butler\butleji01,SG,29,MIN,10,361,22.4,.579,.287,.389,4.7,10.8,7.7,18.2,3.2,2.4,7.1,23.0,,1.0,0.4,1.4,.180,,3.8,0.8,4.6,0.6
84,Jimmy Butler\butleji01,SF,29,PHI,49,1633,20.4,.577,.203,.398,6.2,10.0,8.2,18.4,2.6,1.3,8.4,22.4,,4.3,2.0,6.2,.183,,2.8,0.6,3.4,2.2
85,Bruno Caboclo\cabocbr01,SF,23,MEM,23,470,9.6,.541,.627,.220,4.5,15.6,10.0,9.1,0.8,4.1,15.6,14.7,,0.0,0.6,0.6,.060,,-2.6,1.3,-1.3,0.1
86,Jose Calderon\caldejo01,PG,37,DET,48,628,7.2,.456,.471,.092,1.8,8.8,5.2,25.0,1.3,0.4,22.0,10.9,,0.1,0.5,0.6,.045,,-3.8,-1.0,-4.8,-0.4
87,Kentavious Caldwell-Pope\caldwke01,SG,25,LAL,71,1657,12.4,.576,.587,.223,2.4,9.2,5.9,6.2,1.7,0.6,7.7,16.9,,1.8,1.3,3.1,.090,,0.3,-1.2,-1.0,0.4
88,Isaiah Canaan\canaais01,PG,27,TOT,30,629,8.0,.518,.585,.146,1.0,9.3,5.1,18.2,1.1,0.3,16.7,14.2,,0.1,0.1,0.1,.011,,-2.4,-2.6,-5.0,-0.5
88,Isaiah Canaan\canaais01,PG,27,PHO,19,503,7.3,.515,.558,.155,1.1,9.9,5.4,17.0,1.1,0.0,17.4,14.2,,-0.1,0.0,0.0,-0.003,,-2.7,-2.4,-5.0,-0.4
88,Isaiah Canaan\canaais01,PG,27,MIN,7,95,12.4,.536,.655,.138,0.0,5.7,2.8,26.9,1.0,0.9,11.5,15.3,,0.1,0.0,0.2,.082,,-0.4,-4.7,-5.1,-0.1
88,Isaiah Canaan\canaais01,PG,27,MIL,4,31,5.3,.500,.833,.000,3.5,9.3,6.6,11.6,0.0,2.7,25.0,10.8,,0.0,0.0,0.0,.031,,-4.2,-0.1,-4.3,0.0
89,Clint Capela\capelca01,C,24,HOU,57,1945,23.4,.652,.000,.357,14.5,26.5,20.4,6.8,1.0,3.9,10.1,18.3,,6.5,2.2,8.7,.215,,1.2,1.1,2.3,2.1
90,DeMarre Carroll\carrode01,SF,32,BRK,59,1482,12.5,.547,.534,.436,4.4,17.7,11.1,7.6,0.9,0.4,9.7,18.9,,1.4,1.4,2.8,.092,,-0.9,-0.9,-1.8,0.1
91,Jevon Carter\carteje01,PG,23,MEM,28,409,4.7,.368,.525,.136,1.4,9.5,5.4,16.1,2.7,2.3,16.7,16.5,,-1.0,0.6,-0.4,-0.050,,-6.1,0.9,-5.2,-0.3
92,Vince Carter\cartevi01,SF,42,ATL,67,1144,12.4,.583,.662,.122,2.6,13.1,7.7,9.3,1.6,1.4,8.8,16.6,,1.3,0.6,1.9,.082,,0.3,-1.6,-1.3,0.2
93,Wendell Carter\cartewe01,C,19,CHI,44,1110,15.3,.541,.086,.302,8.6,21.7,15.1,10.7,1.1,4.5,13.4,19.1,,0.7,1.2,1.9,.083,,-2.3,1.8,-0.5,0.4
94,Michael Carter-Williams\cartemi01,PG,27,TOT,18,179,11.5,.470,.324,.500,2.4,11.2,6.7,20.8,2.5,3.4,12.6,23.1,,-0.1,0.2,0.1,.033,,-3.9,-0.4,-4.4,-0.1
94,Michael Carter-Williams\cartemi01,PG,27,HOU,16,145,12.7,.476,.311,.426,2.3,7.9,5.0,23.0,3.1,3.6,12.1,24.7,,0.0,0.2,0.1,.038,,-3.2,-0.6,-3.8,-0.1
94,Michael Carter-Williams\cartemi01,PG,27,ORL,2,34,6.4,.428,.429,1.143,3.1,25.4,14.1,11.5,0.0,2.4,16.0,16.1,,0.0,0.0,0.0,.008,,-6.9,0.3,-6.6,0.0
95,Alex Caruso\carusal01,PG,24,LAL,14,197,16.7,.639,.265,.633,5.4,7.7,6.6,12.7,2.4,2.9,10.1,14.7,,0.5,0.2,0.7,.179,,0.7,1.0,1.7,0.2
96,Omri Casspi\casspom01,SF,30,MEM,36,520,15.8,.606,.267,.360,3.6,21.6,12.5,8.1,1.9,1.7,11.0,18.1,,0.6,0.8,1.3,.123,,-2.0,0.3,-1.7,0.0
97,Willie Cauley-Stein\caulewi01,C,25,SAC,70,1940,17.8,.556,.003,.343,8.5,23.2,15.7,13.0,2.0,2.0,9.2,18.0,,3.1,2.7,5.8,.143,,-0.3,2.3,2.1,2.0
98,Troy Caupain\caupatr01,PG,23,ORL,3,12,32.0,.667,.500,.000,0.0,18.0,8.9,43.3,4.1,0.0,0.0,21.8,,0.1,0.0,0.1,.375,,9.7,0.2,9.9,0.0
99,Tyler Cavanaugh\cavanty01,PF,24,UTA,8,19,5.4,.436,.500,.333,5.8,16.9,11.4,0.0,0.0,0.0,12.7,17.7,,0.0,0.0,0.0,-0.024,,-8.1,-5.5,-13.6,-0.1
100,Tyson Chandler\chandty01,C,36,TOT,53,846,11.5,.625,.010,.856,11.4,25.1,18.4,5.5,1.2,2.1,22.6,8.5,,1.0,1.1,2.0,.116,,-2.9,1.7,-1.2,0.2
100,Tyson Chandler\chandty01,C,36,PHO,7,89,11.5,.653,.000,1.500,8.6,40.8,24.4,9.2,1.1,0.9,26.0,13.0,,0.1,0.1,0.2,.095,,-5.0,0.2,-4.8,-0.1
100,Tyson Chandler\chandty01,C,36,LAL,46,757,11.4,.621,.012,.765,11.8,23.3,17.7,5.0,1.2,2.2,22.0,8.0,,0.9,1.0,1.9,.119,,-2.6,1.9,-0.7,0.2
101,Wilson Chandler\chandwi01,PF-SF,31,TOT,41,1010,8.8,.543,.574,.081,5.1,13.3,9.3,9.6,1.1,1.6,14.4,11.2,,0.5,0.9,1.5,.071,,-0.9,0.7,-0.2,0.5
101,Wilson Chandler\chandwi01,PF,31,PHI,36,951,9.1,.561,.570,.087,5.1,13.4,9.4,10.0,1.1,1.5,15.4,11.2,,0.6,0.9,1.5,.077,,-0.7,0.8,0.1,0.5
101,Wilson Chandler\chandwi01,SF,31,LAC,5,59,3.5,.313,.625,.000,5.5,10.5,8.1,4.3,0.8,2.7,0.0,11.4,,-0.1,0.0,0.0,-0.019,,-4.1,-0.5,-4.6,0.0
102,Joe Chealey\chealjo01,PG,23,CHO,1,8,2.0,.333,.000,.000,0.0,0.0,0.0,17.7,0.0,0.0,0.0,16.1,,0.0,0.0,0.0,-0.076,,-8.9,-8.2,-17.0,0.0
103,Marquese Chriss\chrisma01,PF,21,TOT,33,396,9.1,.468,.453,.245,8.1,22.6,15.1,7.5,1.4,2.4,16.8,20.4,,-0.4,0.3,-0.2,-0.020,,-4.4,-1.1,-5.6,-0.4
103,Marquese Chriss\chrisma01,PF,21,HOU,16,104,3.5,.391,.441,.206,7.3,23.2,15.1,8.3,0.9,3.3,24.4,20.5,,-0.3,0.1,-0.2,-0.107,,-9.2,-0.5,-9.8,-0.2
103,Marquese Chriss\chrisma01,PF,21,CLE,17,292,11.0,.492,.457,.257,8.4,22.4,15.2,7.3,1.5,2.1,14.0,20.4,,-0.1,0.2,0.1,.010,,-2.7,-1.3,-4.1,-0.2
104,Gary Clark\clarkga01,PF,24,HOU,44,589,9.1,.496,.902,.057,3.7,16.4,9.9,3.9,1.4,3.7,4.5,9.7,,0.3,0.5,0.9,.070,,-2.4,0.6,-1.8,0.0
105,Ian Clark\clarkia01,SG,27,NOP,52,727,7.9,.507,.519,.102,1.6,8.2,4.9,12.8,1.0,0.6,13.8,18.1,,-0.2,0.2,0.0,.002,,-2.4,-2.8,-5.2,-0.6
106,Jordan Clarkson\clarkjo01,SG,26,CLE,71,1927,16.9,.540,.387,.163,3.9,10.2,6.9,15.5,1.3,0.6,9.7,28.0,,1.6,0.1,1.7,.041,,1.6,-3.5,-1.9,0.1
107,John Collins\collijo01,PF,21,ATL,53,1574,22.4,.636,.181,.331,12.7,22.4,17.5,11.1,0.5,1.5,11.3,24.0,,4.7,0.8,5.5,.168,,3.0,-1.6,1.4,1.4
108,Zach Collins\colliza01,C,21,POR,66,1163,12.6,.544,.298,.313,8.4,16.7,12.6,7.2,1.0,3.8,14.5,16.2,,0.9,1.3,2.2,.093,,-1.5,1.1,-0.3,0.5
109,Darren Collison\collida01,PG,31,IND,71,2020,16.9,.581,.293,.296,1.9,10.2,6.1,29.6,2.5,0.4,14.5,17.4,,3.9,2.8,6.7,.160,,1.3,0.1,1.4,1.7
110,Bonzie Colson\colsobo01,SF,23,MIL,1,3,-12.7,.000,1.000,.000,0.0,0.0,0.0,0.0,0.0,0.0,0.0,14.0,,0.0,0.0,0.0,-0.318,,-12.8,-4.2,-17.1,0.0
111,Mike Conley\conlemi01,PG,31,MEM,67,2236,21.5,.567,.380,.350,2.0,9.8,5.8,34.0,2.0,0.9,9.2,27.3,,5.3,2.4,7.7,.165,,4.8,-1.2,3.6,3.2
112,Pat Connaughton\connapa01,SG,26,MIL,51,979,13.0,.555,.578,.094,4.9,14.1,9.8,13.2,1.0,1.9,7.7,13.4,,1.4,1.4,2.9,.140,,0.1,1.0,1.0,0.8
113,Quinn Cook\cookqu01,PG,25,GSW,62,830,12.5,.541,.455,.058,2.5,13.9,8.4,15.1,1.0,0.3,9.7,20.1,,0.6,0.6,1.2,.068,,-0.8,-2.6,-3.4,-0.3
114,DeMarcus Cousins\couside01,C,28,GSW,21,542,20.7,.557,.261,.414,5.5,26.2,16.3,20.3,2.5,5.0,14.0,26.9,,0.7,1.0,1.7,.149,,-0.1,3.4,3.3,0.7
115,Robert Covington\covinro01,SF,28,TOT,35,1203,13.4,.580,.622,.246,2.5,14.6,8.6,5.3,2.9,3.2,10.5,15.6,,1.0,1.6,2.6,.103,,0.5,1.9,2.4,1.3
115,Robert Covington\covinro01,SF,28,PHI,13,440,11.0,.578,.658,.197,1.7,14.1,8.1,4.3,2.6,4.1,14.8,14.2,,0.0,0.7,0.7,.079,,-1.2,2.6,1.4,0.4
115,Robert Covington\covinro01,SF,28,MIN,22,763,14.8,.580,.604,.269,2.9,14.9,8.8,5.8,3.1,2.7,8.4,16.4,,1.0,0.9,1.8,.116,,1.5,1.5,3.0,1.0
116,Allen Crabbe\crabbal01,SG,26,BRK,43,1133,7.8,.519,.694,.150,1.5,12.2,6.9,5.8,1.0,0.9,10.4,16.5,,-0.2,0.9,0.8,.033,,-1.9,-0.7,-2.6,-0.2
117,Torrey Craig\craigto01,SF,28,DEN,62,1267,9.8,.527,.500,.181,6.8,12.8,9.8,5.8,1.3,2.7,11.2,12.6,,0.8,1.4,2.2,.083,,-1.3,0.8,-0.4,0.5
118,Jamal Crawford\crawfja01,SG,38,PHO,57,1006,8.9,.473,.455,.226,0.9,6.8,3.8,26.7,1.3,0.8,18.3,19.5,,-0.8,0.1,-0.7,-0.032,,-3.7,-3.8,-7.5,-1.4
119,Mitch Creek\creekmi01,SF,26,BRK,4,36,21.6,.573,.100,.700,14.8,14.6,14.7,20.3,1.3,0.0,0.0,15.3,,0.2,0.0,0.2,.257,,3.3,-0.1,3.2,0.0
120,Jae Crowder\crowdja01,SF,28,UTA,70,1940,12.3,.539,.654,.248,3.1,15.8,9.5,8.8,1.4,1.1,8.5,19.0,,1.2,2.7,3.9,.097,,0.1,0.3,0.4,1.2
121,Dante Cunningham\cunnida01,PF,31,SAS,59,890,10.7,.608,.413,.120,5.8,16.8,11.3,6.8,1.4,1.2,11.7,8.8,,1.1,0.8,1.9,.104,,-0.5,0.8,0.3,0.5
122,Seth Curry\curryse01,SG,28,POR,65,1144,10.5,.582,.542,.104,2.2,6.7,4.5,6.8,1.3,0.8,11.5,16.0,,1.0,0.7,1.7,.071,,0.0,-1.6,-1.6,0.1
123,Stephen Curry\curryst01,PG,30,GSW,59,2029,24.5,.640,.600,.223,2.2,13.8,8.2,24.1,1.9,0.9,11.6,30.7,,6.3,2.0,8.3,.196,,7.8,-1.7,6.1,4.2
124,Troy Daniels\danietr01,SG,27,PHO,41,527,11.0,.581,.708,.109,1.7,8.4,5.0,6.0,1.9,0.6,10.3,18.2,,0.2,0.2,0.4,.036,,-0.5,-3.1,-3.6,-0.2
125,Anthony Davis\davisan02,C,25,NOP,55,1829,30.5,.599,.142,.428,9.7,27.6,18.8,19.1,2.2,6.0,8.5,29.5,,6.5,3.1,9.6,.253,,4.8,3.9,8.7,5.0
126,Deyonta Davis\davisde01,C,22,ATL,1,1,0.0,,,,0.0,0.0,0.0,0.0,0.0,0.0,,0.0,,0.0,0.0,0.0,-0.018,,-6.6,-0.7,-7.3,0.0
127,Ed Davis\davised01,C,29,BRK,72,1299,16.7,.619,.007,.522,15.6,34.3,25.0,6.3,1.2,1.7,15.2,12.6,,2.7,2.2,4.9,.181,,-1.6,1.7,0.1,0.7
128,Tyler Davis\davisty01,C,21,OKC,1,1,0.0,.000,.000,.000,100.0,0.0,51.5,0.0,0.0,0.0,0.0,40.6,,0.0,0.0,0.0,-0.471,,-14.9,-20.5,-35.4,0.0
129,Dewayne Dedmon\dedmode01,C,29,ATL,60,1504,15.5,.586,.410,.208,6.9,25.1,15.9,8.3,2.0,3.8,13.2,16.9,,1.7,1.8,3.5,.111,,-0.8,1.7,0.9,1.1
130,Sam Dekker\dekkesa01,SF-PF,24,TOT,42,676,14.4,.538,.217,.189,7.0,14.7,10.8,8.6,2.3,0.9,7.5,16.1,,0.7,0.4,1.1,.081,,-1.2,-0.6,-1.8,0.0
130,Sam Dekker\dekkesa01,PF,24,CLE,9,169,14.0,.544,.271,.208,5.7,16.3,10.8,7.9,3.2,0.0,8.7,14.9,,0.2,0.1,0.3,.083,,-0.9,-0.3,-1.2,0.0
130,Sam Dekker\dekkesa01,SF,24,WAS,33,507,14.5,.537,.201,.183,7.5,14.2,10.8,8.8,2.1,1.2,7.1,16.5,,0.5,0.3,0.8,.080,,-1.3,-0.7,-2.0,0.0
131,Angel Delgado\delgaan01,C,24,LAC,1,14,7.5,.307,.000,.500,15.5,14.7,15.1,0.0,3.4,0.0,0.0,14.7,,0.0,0.0,0.0,.016,,-6.4,-3.4,-9.8,0.0
132,Matthew Dellavedova\dellama01,PG,28,TOT,48,812,11.1,.532,.537,.215,0.8,9.8,5.2,32.2,0.8,0.2,20.4,17.9,,0.5,0.0,0.5,.030,,-1.3,-4.1,-5.3,-0.7
132,Matthew Dellavedova\dellama01,PG,28,MIL,12,97,7.5,.482,.579,.211,0.0,10.0,5.3,35.9,1.0,0.0,34.6,13.8,,0.0,0.1,0.1,.045,,-5.5,-3.0,-8.5,-0.2
132,Matthew Dellavedova\dellama01,PG,28,CLE,36,715,11.6,.537,.534,.215,0.9,9.8,5.2,31.7,0.8,0.2,18.9,18.4,,0.5,-0.1,0.4,.028,,-0.7,-4.2,-4.9,-0.5
133,Luol Deng\denglu01,SF,33,MIN,22,392,14.7,.588,.373,.297,5.4,14.6,10.0,6.5,1.8,1.8,9.5,15.8,,0.6,0.3,0.8,.104,,-0.1,-0.5,-0.6,0.1
134,DeMar DeRozan\derozde01,SG,29,SAS,67,2355,19.5,.538,.037,.335,2.1,17.2,9.7,27.3,1.5,1.1,11.6,28.4,,2.9,2.2,5.1,.105,,0.2,0.4,0.6,1.5
135,Marcus Derrickson\derrima01,PF,22,GSW,9,54,10.3,.543,.583,.167,10.3,5.7,7.9,2.6,0.0,1.6,10.4,22.7,,0.0,0.0,0.0,.038,,-1.0,-5.7,-6.7,-0.1
136,Cheick Diallo\diallch01,PF,22,NOP,56,741,17.8,.632,.013,.271,8.8,29.9,19.4,3.9,1.6,3.6,13.8,16.5,,1.1,1.1,2.1,.139,,-2.7,0.4,-2.3,-0.1
137,Hamidou Diallo\diallha01,SG,20,OKC,48,524,10.1,.497,.145,.358,7.3,11.9,9.5,4.4,1.8,1.6,10.7,16.6,,0.1,0.7,0.8,.070,,-4.3,-0.4,-4.7,-0.4
138,Gorgui Dieng\dienggo01,C,29,MIN,65,817,17.3,.570,.167,.272,8.3,24.9,16.5,9.5,2.1,3.5,11.2,17.8,,1.3,1.0,2.3,.136,,-1.1,1.4,0.4,0.5
139,Spencer Dinwiddie\dinwisp01,PG,25,BRK,59,1660,17.4,.589,.436,.431,1.5,7.8,4.6,27.3,1.0,0.8,13.4,25.5,,3.4,1.2,4.6,.132,,2.4,-2.3,0.2,0.9
140,Donte DiVincenzo\divindo01,SG,22,MIL,27,411,9.1,.507,.669,.097,4.2,11.5,8.1,9.7,1.5,1.2,12.8,15.2,,0.0,0.6,0.6,.071,,-1.9,0.1,-1.7,0.0
141,Luka Doncic\doncilu01,SG,19,DAL,66,2134,19.4,.547,.428,.408,3.9,21.0,12.5,30.6,1.6,1.0,15.0,30.2,,2.1,2.4,4.4,.100,,2.7,0.9,3.7,3.1
142,Tyler Dorsey\dorsety01,SG,22,TOT,37,356,9.2,.485,.496,.256,4.2,16.1,10.1,8.4,1.2,0.5,9.7,18.2,,-0.1,0.2,0.1,.017,,-3.4,-2.5,-5.9,-0.3
142,Tyler Dorsey\dorsety01,SG,22,ATL,27,251,7.9,.448,.438,.292,3.7,14.7,9.1,9.4,1.3,0.3,9.1,17.9,,-0.1,0.1,0.0,-0.007,,-4.2,-2.6,-6.9,-0.3
142,Tyler Dorsey\dorsety01,SG,22,MEM,10,105,12.5,.582,.639,.167,5.3,19.7,12.4,6.1,0.9,0.9,11.5,18.7,,0.0,0.1,0.2,.074,,-1.4,-2.3,-3.7,0.0
143,Damyean Dotson\dotsoda01,SG,24,NYK,63,1663,12.1,.538,.474,.148,2.0,12.8,7.2,10.0,1.6,0.4,7.6,17.7,,1.2,0.8,1.9,.056,,-0.2,-1.4,-1.6,0.2
144,PJ Dozier\doziepj01,SG,22,BOS,4,10,24.7,.583,.333,.000,21.3,21.5,21.4,0.0,0.0,0.0,0.0,25.8,,0.0,0.0,0.0,.203,,0.9,-10.9,-10.0,0.0
145,Goran Dragic\dragigo01,PG,32,MIA,25,645,16.4,.558,.397,.256,1.5,10.3,5.9,26.7,1.1,0.6,12.2,25.7,,1.0,0.6,1.5,.115,,1.5,-2.2,-0.6,0.2
146,Andre Drummond\drumman01,C,25,DET,67,2221,23.1,.552,.041,.387,16.6,34.9,25.4,6.4,2.4,4.3,12.0,23.2,,3.3,4.8,8.1,.174,,-1.0,3.1,2.1,2.3
147,Jared Dudley\dudleja01,PF,33,BRK,51,1039,6.9,.531,.635,.172,2.7,10.5,6.6,9.1,1.4,1.0,15.5,10.5,,0.2,0.9,1.1,.053,,-2.3,0.9,-1.4,0.2
148,Kris Dunn\dunnkr01,PG,24,CHI,45,1368,12.6,.488,.193,.135,1.4,13.3,7.4,30.0,2.4,1.3,16.5,20.2,,-0.4,1.2,0.7,.026,,-1.9,0.3,-1.6,0.1
149,Kevin Durant\duranke01,PF,30,GSW,67,2372,24.3,.625,.277,.375,1.5,17.8,10.0,25.2,1.0,2.7,12.1,29.8,,7.3,2.4,9.7,.197,,4.0,0.0,4.0,3.6
150,Trevon Duval\duvaltr01,PG,20,MIL,3,6,38.6,.833,.333,.000,0.0,16.1,8.5,59.3,0.0,0.0,0.0,21.0,,0.1,0.0,0.1,.542,,13.9,-4.1,9.8,0.0
151,Vince Edwards\edwarvi01,SF,22,HOU,2,16,3.8,.375,1.000,.000,6.8,7.2,7.0,0.0,0.0,0.0,0.0,10.9,,0.0,0.0,0.0,-0.021,,-4.3,-5.9,-10.2,0.0
152,Henry Ellenson\ellenhe01,PF,22,TOT,12,165,11.7,.495,.450,.217,2.5,28.6,15.1,11.8,1.7,0.0,9.6,18.8,,0.0,0.2,0.2,.050,,-3.1,-1.0,-4.1,-0.1
152,Henry Ellenson\ellenhe01,PF,22,DET,2,25,14.8,.551,.400,.200,0.0,40.8,19.7,6.2,0.0,0.0,0.0,18.7,,0.0,0.0,0.1,.147,,-3.7,-2.8,-6.5,0.0
152,Henry Ellenson\ellenhe01,PF,22,NYK,10,140,11.2,.483,.460,.220,2.9,26.4,14.3,12.8,2.1,0.0,11.3,18.8,,0.0,0.1,0.1,.033,,-3.0,-0.7,-3.7,-0.1
153,Wayne Ellington\ellinwa01,SG,31,TOT,41,945,10.9,.565,.833,.087,1.0,8.1,4.5,7.9,2.1,0.4,9.0,16.7,,0.7,1.0,1.7,.086,,0.7,-1.1,-0.4,0.4
153,Wayne Ellington\ellinwa01,SG,31,MIA,25,533,10.9,.547,.842,.087,1.2,8.3,4.7,7.8,2.2,0.5,6.8,16.5,,0.4,0.6,1.0,.092,,0.7,-1.1,-0.4,0.2
153,Wayne Ellington\ellinwa01,SG,31,DET,16,412,10.8,.589,.820,.086,0.8,8.0,4.2,8.0,1.9,0.2,11.6,17.0,,0.3,0.4,0.7,.079,,0.7,-1.1,-0.4,0.2
154,Joel Embiid\embiijo01,C,24,PHI,59,1997,25.9,.592,.218,.540,8.2,34.2,21.6,17.5,0.9,4.5,13.3,33.2,,4.5,3.6,8.1,.196,,1.6,2.1,3.7,2.9
155,James Ennis\ennisja01,SF,28,TOT,54,1164,11.1,.604,.536,.259,5.0,10.5,7.7,4.3,1.7,1.5,9.2,12.4,,1.6,0.8,2.5,.101,,-0.4,-0.4,-0.8,0.3
155,James Ennis\ennisja01,SF,28,HOU,40,949,11.3,.622,.569,.275,4.2,9.7,6.9,4.1,2.0,1.5,8.9,11.9,,1.4,0.7,2.1,.106,,-0.1,-0.2,-0.3,0.4
155,James Ennis\ennisja01,SF,28,PHI,14,215,9.9,.546,.429,.206,8.2,13.9,11.1,5.1,0.4,1.5,10.4,15.0,,0.2,0.2,0.4,.082,,-1.7,-1.7,-3.4,-0.1
156,Drew Eubanks\eubandr01,PF,21,SAS,19,93,17.5,.758,.000,.650,3.5,25.6,14.7,8.9,0.5,3.6,18.9,15.0,,0.2,0.1,0.3,.171,,-1.7,0.7,-1.0,0.0
157,Jacob Evans\evansja02,SG,21,GSW,26,120,1.4,.345,.200,.033,2.8,7.7,5.3,15.2,0.4,0.7,18.7,13.3,,-0.2,0.0,-0.2,-0.063,,-7.2,-2.4,-9.6,-0.2
158,Jawun Evans\evansja01,PG,22,PHO,7,64,0.8,.231,.154,.000,1.7,19.5,10.4,20.1,2.2,0.0,31.6,12.7,,-0.2,0.0,-0.2,-0.135,,-10.2,0.2,-9.9,-0.1
159,Tyreke Evans\evansty01,SG,29,IND,60,1191,11.8,.482,.339,.234,3.0,12.4,7.8,18.1,2.2,1.1,13.8,26.4,,-1.3,1.7,0.4,.017,,-2.9,-0.4,-3.3,-0.4
160,Dante Exum\exumda01,PG,23,UTA,42,664,11.3,.516,.257,.357,2.6,8.4,5.5,24.4,1.0,0.6,15.7,21.3,,0.2,0.7,0.9,.067,,-2.5,-1.4,-4.0,-0.3
161,Kenneth Faried\farieke01,C,29,TOT,32,634,22.0,.630,.088,.396,14.9,23.1,18.9,4.8,1.0,2.7,9.8,20.1,,1.9,0.7,2.6,.194,,0.1,-1.3,-1.1,0.1
161,Kenneth Faried\farieke01,C,29,BRK,12,118,20.6,.622,.119,.381,13.5,25.8,19.7,2.8,0.8,2.7,10.9,19.7,,0.3,0.2,0.4,.168,,-2.0,-1.6,-3.6,0.0
161,Kenneth Faried\farieke01,C,29,HOU,20,516,22.3,.632,.081,.400,15.2,22.5,18.8,5.3,1.0,2.7,9.6,20.2,,1.7,0.5,2.2,.200,,0.6,-1.2,-0.6,0.2
162,Derrick Favors\favorde01,C,27,UTA,70,1637,21.5,.620,.138,.384,12.6,21.4,17.0,7.8,1.5,5.0,10.4,19.0,,4.0,3.2,7.2,.211,,1.0,3.2,4.2,2.6
163,Cristiano Felicio\feliccr01,C,26,CHI,51,545,14.3,.585,.015,.394,12.4,19.9,16.2,6.2,0.6,1.1,13.5,14.9,,0.8,0.3,1.1,.100,,-2.2,-1.4,-3.6,-0.2
164,Raymond Felton\feltora01,PG,34,OKC,26,299,10.9,.488,.405,.117,1.3,7.8,4.5,18.9,1.2,1.7,10.0,17.6,,0.1,0.3,0.4,.072,,-3.0,-1.7,-4.7,-0.2
165,Terrance Ferguson\fergute01,SG,20,OKC,64,1638,5.9,.548,.668,.103,1.7,5.5,3.6,4.4,1.0,0.8,9.4,10.6,,0.7,1.4,2.2,.063,,-1.9,-0.4,-2.3,-0.1
166,Yogi Ferrell\ferreyo01,PG,25,SAC,59,850,12.8,.544,.412,.176,1.4,9.9,5.6,17.5,1.6,0.4,8.8,16.0,,1.0,0.6,1.7,.093,,-0.6,-1.5,-2.1,0.0
167,Dorian Finney-Smith\finnedo01,SF,25,DAL,71,1800,11.0,.539,.481,.200,7.4,13.1,10.3,6.5,1.7,1.7,12.1,13.4,,1.2,1.8,3.0,.079,,-0.9,1.2,0.3,1.0
168,Bryn Forbes\forbebr01,PG,25,SAS,72,2001,11.3,.568,.518,.102,0.9,10.3,5.6,10.3,1.0,0.2,9.1,17.6,,1.6,1.1,2.6,.063,,0.6,-1.8,-1.3,0.4
169,Evan Fournier\fournev01,SG,26,ORL,71,2229,11.6,.526,.435,.151,1.7,9.0,5.3,17.8,1.4,0.4,12.4,22.1,,0.1,2.2,2.3,.050,,-0.7,-1.0,-1.8,0.1
170,De'Aaron Fox\foxde01,PG,21,SAC,69,2195,17.9,.550,.214,.394,1.6,10.6,6.0,32.4,2.4,1.4,15.5,24.5,,2.6,2.2,4.9,.107,,1.0,0.0,1.0,1.7
171,Melvin Frazier\frazime01,SG,22,ORL,9,40,2.4,.344,.222,.111,7.9,5.4,6.7,3.7,1.2,0.0,5.0,21.7,,-0.1,0.0,-0.1,-0.095,,-7.9,-3.6,-11.5,-0.1
172,Tim Frazier\fraziti01,PG,28,TOT,49,936,11.1,.536,.403,.204,3.6,11.8,7.7,27.3,1.2,0.3,21.8,12.3,,1.0,0.5,1.4,.074,,-1.1,-1.3,-2.5,-0.1
172,Tim Frazier\fraziti01,PG,28,NOP,47,909,11.7,.552,.395,.210,3.7,11.8,7.8,28.0,1.3,0.4,22.0,12.3,,1.1,0.5,1.6,.083,,-0.8,-1.3,-2.1,0.0
172,Tim Frazier\fraziti01,PG,28,MIL,2,27,-9.6,.000,.667,.000,0.0,10.7,5.7,4.1,0.0,0.0,14.3,10.9,,-0.1,0.0,-0.1,-0.218,,-12.5,-1.1,-13.6,-0.1
173,Channing Frye\fryech01,C,35,CLE,33,314,8.6,.513,.689,.117,1.4,16.1,8.5,8.9,1.0,1.4,8.5,16.5,,0.1,0.1,0.1,.021,,-1.9,-2.5,-4.3,-0.2
174,Markelle Fultz\fultzma01,PG,20,PHI,19,427,10.5,.452,.090,.239,6.7,10.6,8.7,19.7,1.9,0.9,12.7,19.3,,-0.1,0.4,0.3,.039,,-2.9,0.0,-2.9,-0.1
175,Danilo Gallinari\gallida01,SF,30,LAC,60,1826,20.5,.631,.427,.443,2.9,17.5,10.4,12.3,1.1,0.9,8.5,23.4,,5.5,1.6,7.1,.187,,4.1,-1.2,2.8,2.2
176,Langston Galloway\gallola01,SG,27,DET,68,1459,11.1,.551,.656,.156,2.7,8.2,5.4,7.4,1.0,0.3,4.1,15.9,,2.0,1.1,3.0,.100,,0.6,-1.5,-1.0,0.4
177,Marc Gasol\gasolma01,C,34,TOT,69,2177,16.8,.541,.310,.286,3.7,25.5,14.5,22.4,1.7,3.3,13.6,21.6,,1.4,3.7,5.1,.112,,-0.4,3.2,2.8,2.7
177,Marc Gasol\gasolma01,C,34,MEM,53,1788,17.0,.541,.324,.294,3.5,25.6,14.4,22.8,1.7,3.4,13.4,22.4,,1.0,3.0,4.0,.107,,-0.2,3.1,2.9,2.2
177,Marc Gasol\gasolma01,C,34,TOR,16,389,15.9,.544,.236,.244,4.8,25.0,15.1,20.8,1.7,3.0,15.1,18.2,,0.4,0.7,1.1,.137,,-1.0,3.4,2.4,0.4
178,Pau Gasol\gasolpa01,C,38,TOT,30,360,16.7,.529,.138,.426,6.7,34.2,20.7,19.2,0.7,3.5,12.5,15.5,,0.5,0.5,1.1,.141,,-2.0,2.7,0.6,0.2
178,Pau Gasol\gasolpa01,C,38,SAS,27,330,18.1,.544,.114,.432,7.3,34.4,21.0,20.2,0.7,3.6,11.8,15.8,,0.6,0.5,1.1,.159,,-1.2,2.7,1.5,0.3
178,Pau Gasol\gasolpa01,C,38,MIL,3,30,1.7,.291,.500,.333,0.0,32.2,17.0,7.7,0.0,2.8,22.5,12.4,,-0.1,0.1,0.0,-0.062,,-10.7,1.7,-9.0,-0.1
179,Rudy Gay\gayru01,PF,32,SAS,59,1591,18.4,.592,.241,.200,3.6,22.5,13.2,15.0,1.5,1.8,11.3,22.1,,2.4,1.8,4.3,.129,,0.9,0.7,1.7,1.5
180,Paul George\georgpa01,SF,28,OKC,68,2490,23.8,.587,.466,.352,3.7,19.7,11.5,18.2,2.8,1.0,10.1,29.6,,6.5,4.4,10.9,.210,,5.0,0.8,5.8,4.9
181,Taj Gibson\gibsota01,PF,33,MIN,70,1686,17.9,.612,.063,.330,10.8,18.4,14.5,7.3,1.5,2.0,10.6,17.1,,3.8,1.4,5.1,.146,,0.8,0.2,1.0,1.3
182,Harry Giles\gilesha01,PF,20,SAC,57,812,14.5,.526,.017,.261,8.2,19.8,13.9,15.4,1.8,2.3,15.7,23.3,,0.0,1.0,1.0,.061,,-3.0,1.0,-1.9,0.0
183,Shai Gilgeous-Alexander\gilgesh01,PG,20,LAC,72,1860,12.8,.551,.199,.274,2.8,8.2,5.6,17.3,2.0,1.7,15.9,18.2,,0.9,1.6,2.5,.065,,-0.9,0.2,-0.6,0.6
184,Rudy Gobert\goberru01,C,26,UTA,71,2248,24.3,.676,.000,.731,13.3,30.7,22.1,9.9,1.2,5.7,12.3,17.6,,7.4,4.9,12.3,.262,,1.8,5.0,6.9,5.0
185,Brandon Goodwin\goodwbr01,PG,23,DEN,16,57,8.4,.413,.261,.478,1.9,3.8,2.9,31.7,0.0,0.0,9.7,23.0,,0.0,0.0,0.0,.026,,-4.4,-6.4,-10.8,-0.1
186,Aaron Gordon\gordoaa01,PF,23,ORL,68,2282,15.2,.534,.335,.250,5.1,18.6,11.8,16.8,1.0,1.8,11.9,22.2,,1.5,2.9,4.4,.093,,-0.3,1.1,0.9,1.7
187,Eric Gordon\gordoer01,SG,30,HOU,58,1880,12.1,.537,.615,.177,0.9,7.5,4.1,10.3,0.9,1.1,8.2,22.4,,1.3,0.6,1.9,.048,,-0.2,-3.2,-3.5,-0.7
188,Marcin Gortat\gortama01,C,34,LAC,47,751,12.9,.562,.000,.258,9.7,26.6,18.4,12.1,0.4,2.5,19.4,14.4,,0.6,0.8,1.4,.091,,-2.4,1.5,-1.0,0.2
189,Devonte' Graham\grahade01,PG,23,CHO,34,452,10.0,.474,.585,.156,0.9,9.2,5.0,22.3,1.8,0.4,12.3,17.0,,0.0,0.3,0.3,.032,,-1.8,-2.4,-4.2,-0.3
190,Treveon Graham\grahatr01,SG,25,BRK,29,619,5.3,.437,.652,.114,3.3,12.2,7.8,6.3,0.9,0.9,8.3,12.3,,-0.3,0.5,0.3,.020,,-3.4,0.1,-3.3,-0.2
191,Jerami Grant\grantje01,PF,24,OKC,70,2272,14.0,.591,.328,.297,3.8,13.3,8.5,4.3,1.2,3.3,6.7,15.0,,3.5,3.0,6.6,.139,,-0.7,1.2,0.5,1.4
192,Jerian Grant\grantje02,PG,26,ORL,56,923,10.7,.523,.490,.181,2.2,9.1,5.6,22.5,2.3,0.5,18.1,13.1,,0.5,1.2,1.6,.084,,-2.1,0.1,-2.0,0.0
193,Donte Grantham\grantdo01,SF,23,OKC,3,2,-38.0,.000,1.000,.000,0.0,0.0,0.0,0.0,0.0,0.0,0.0,40.6,,0.0,0.0,0.0,-0.946,,-25.2,-13.5,-38.7,0.0
194,Danny Green\greenda02,SG,31,TOR,70,1968,12.2,.617,.687,.069,3.1,12.2,7.7,7.3,1.5,1.9,10.7,13.8,,2.4,2.4,4.8,.118,,1.3,1.2,2.5,2.2
195,Draymond Green\greendr01,PF,28,GSW,55,1728,12.5,.509,.397,.219,3.1,21.4,12.6,27.4,2.2,2.9,27.1,12.7,,0.8,2.6,3.3,.093,,-1.6,3.3,1.7,1.6
196,Gerald Green\greenge01,SG,33,HOU,68,1410,11.4,.554,.759,.120,2.2,11.9,6.9,4.3,1.1,1.6,8.6,19.6,,0.8,0.8,1.6,.054,,-0.8,-2.9,-3.7,-0.6
197,JaMychal Green\greenja01,PF,28,TOT,57,1209,14.4,.581,.347,.230,8.7,24.2,16.5,5.7,1.7,2.5,15.2,19.5,,0.6,1.8,2.4,.097,,-1.9,0.3,-1.7,0.1
197,JaMychal Green\greenja01,PF,28,MEM,41,900,15.0,.580,.308,.256,8.9,22.9,15.8,6.5,1.8,2.8,15.6,20.5,,0.4,1.4,1.8,.098,,-2.0,0.7,-1.3,0.2
197,JaMychal Green\greenja01,PF,28,LAC,16,309,12.5,.582,.474,.144,8.1,28.0,18.3,3.2,1.2,1.5,14.1,16.4,,0.2,0.4,0.6,.095,,-1.7,-1.2,-2.9,-0.1
198,Jeff Green\greenje02,PF,32,WAS,70,1958,13.5,.612,.470,.298,2.9,13.3,8.1,9.4,0.9,1.5,11.6,17.4,,2.7,0.7,3.4,.084,,0.3,-1.4,-1.1,0.4
199,Blake Griffin\griffbl01,PF,29,DET,67,2366,20.8,.585,.379,.415,4.0,20.2,11.8,26.9,0.9,0.9,14.4,30.1,,4.5,2.6,7.1,.143,,4.1,0.4,4.4,3.8
200,Daniel Hamilton\hamilda02,SG,23,ATL,19,204,7.2,.455,.383,.100,5.1,19.6,12.2,14.7,1.4,0.4,20.3,15.7,,-0.2,0.1,-0.1,-0.021,,-4.9,-0.9,-5.8,-0.2
201,Tim Hardaway\hardati02,SG,26,TOT,65,2057,13.7,.527,.480,.278,1.7,10.0,5.7,12.7,1.3,0.3,8.6,25.3,,1.1,0.8,1.9,.045,,0.6,-2.9,-2.4,-0.2
201,Tim Hardaway\hardati02,SG,26,NYK,46,1499,14.4,.531,.464,.321,1.8,9.8,5.7,13.3,1.3,0.3,8.9,25.8,,1.1,0.5,1.6,.050,,1.1,-3.0,-2.0,0.0
201,Tim Hardaway\hardati02,SG,26,DAL,19,558,11.8,.514,.524,.161,1.4,10.4,5.9,10.9,1.0,0.3,7.7,23.9,,0.0,0.3,0.4,.031,,-0.8,-2.7,-3.4,-0.2
202,James Harden\hardeja01,SG,29,HOU,68,2538,30.1,.610,.540,.452,2.5,17.3,9.7,39.9,2.9,1.8,14.7,40.4,,9.7,3.0,12.6,.239,,10.3,0.9,11.2,8.4
203,Maurice Harkless\harklma01,SF,25,POR,50,1138,12.9,.551,.321,.172,5.6,14.0,9.9,6.6,2.3,3.0,9.7,13.3,,1.1,1.5,2.6,.112,,-0.3,2.3,1.9,1.1
204,Montrezl Harrell\harremo01,C,25,LAC,72,1903,23.5,.632,.018,.464,9.7,17.1,13.5,11.8,1.6,4.1,10.6,23.2,,5.4,2.4,7.8,.197,,2.6,1.7,4.3,3.0
205,Devin Harris\harride01,PG,35,DAL,58,878,10.8,.530,.563,.398,1.1,9.7,5.4,15.4,1.9,1.2,12.3,18.6,,0.4,0.8,1.2,.065,,-1.4,-0.9,-2.3,-0.1
206,Gary Harris\harriga01,SG,24,DEN,44,1261,13.1,.532,.387,.245,2.8,8.3,5.5,12.3,1.6,1.2,8.6,20.7,,1.2,1.1,2.4,.090,,-0.1,-1.2,-1.3,0.2
207,Joe Harris\harrijo01,SG,27,BRK,68,2017,13.4,.643,.512,.175,2.4,10.5,6.4,12.4,0.8,0.6,13.5,17.1,,3.2,1.4,4.7,.111,,1.3,-0.7,0.6,1.3
208,Tobias Harris\harrito02,PF-SF,26,TOT,73,2549,18.1,.605,.317,.247,2.4,21.1,12.0,12.5,0.9,1.0,9.9,22.8,,4.6,2.5,7.1,.133,,1.6,-0.5,1.2,2.0
208,Tobias Harris\harrito02,PF,26,LAC,55,1903,18.4,.605,.302,.256,2.1,21.4,12.0,12.6,1.0,1.0,10.3,23.5,,3.4,1.8,5.2,.132,,1.8,-0.4,1.4,1.6
208,Tobias Harris\harrito02,SF,26,PHI,18,646,17.0,.604,.365,.218,3.1,20.4,12.0,12.2,0.7,1.2,8.8,20.7,,1.2,0.7,1.8,.137,,1.2,-0.6,0.6,0.4
209,Andrew Harrison\harrian01,SG-PG,24,TOT,17,187,5.8,.443,.472,.340,3.4,8.4,5.8,17.2,1.1,0.9,16.5,16.9,,-0.1,0.0,-0.1,-0.025,,-3.7,-2.7,-6.4,-0.2
209,Andrew Harrison\harrian01,PG,24,MEM,1,5,4.6,.500,.500,.000,0.0,0.0,0.0,0.0,0.0,0.0,0.0,18.0,,0.0,0.0,0.0,-0.011,,-4.1,-6.1,-10.2,0.0
209,Andrew Harrison\harrian01,SG,24,CLE,10,144,6.6,.467,.359,.410,3.0,8.8,5.8,16.5,1.4,1.2,17.8,17.0,,-0.1,0.0,-0.1,-0.019,,-3.9,-2.1,-6.1,-0.2
209,Andrew Harrison\harrian01,SG,24,NOP,6,38,3.1,.349,.833,.167,5.5,8.1,6.8,22.2,0.0,0.0,13.4,16.1,,0.0,0.0,0.0,-0.048,,-3.0,-4.3,-7.4,-0.1
210,Shaquille Harrison\harrish01,PG,25,CHI,64,1162,11.9,.494,.227,.333,2.2,13.5,7.8,14.3,3.2,1.6,12.0,15.7,,-0.1,1.3,1.2,.050,,-2.8,1.4,-1.4,0.2
211,Josh Hart\hartjo01,SG,23,LAL,67,1715,9.4,.526,.591,.172,2.2,12.6,7.5,7.0,1.7,1.9,10.4,13.5,,0.2,1.8,2.0,.057,,-1.7,0.9,-0.9,0.5
212,Isaiah Hartenstein\harteis01,PF,20,HOU,27,220,10.0,.562,.146,.341,10.4,13.6,11.9,8.9,1.6,4.7,21.6,11.9,,0.2,0.2,0.4,.092,,-3.1,2.0,-1.1,0.1
213,Udonis Haslem\hasleud01,C,38,MIA,8,35,0.0,.333,.444,.000,3.1,33.7,18.4,0.0,0.0,0.0,18.2,13.5,,-0.1,0.0,-0.1,-0.082,,-12.5,-5.2,-17.7,-0.1
214,Gordon Hayward\haywago01,PF,28,BOS,64,1624,15.0,.559,.383,.278,3.1,14.9,9.0,18.8,1.7,1.2,13.0,18.9,,2.0,2.0,4.0,.117,,-0.1,0.5,0.4,1.0
215,John Henson\hensojo01,C,28,MIL,14,188,17.2,.553,.463,.149,9.2,28.3,19.3,10.2,1.7,4.9,14.4,18.6,,0.1,0.4,0.6,.149,,-1.7,3.1,1.4,0.2
216,Juan Hernangomez\hernaju01,PF,23,DEN,63,1279,11.5,.590,.575,.279,5.3,16.6,10.9,5.1,1.0,1.7,9.6,12.4,,1.7,1.3,3.0,.111,,-0.5,-0.1,-0.6,0.4
217,Willy Hernangomez\hernawi01,C,24,CHO,48,655,20.1,.586,.125,.467,15.0,27.7,21.3,11.0,0.9,2.1,14.0,22.1,,1.4,0.7,2.1,.151,,-0.1,-0.5,-0.6,0.2
218,Mario Hezonja\hezonma01,SF,23,NYK,51,1006,10.3,.490,.336,.234,2.3,18.3,10.0,8.3,2.3,0.6,13.1,20.6,,-0.9,0.8,-0.1,-0.005,,-3.9,-0.8,-4.7,-0.7
219,Isaiah Hicks\hicksis01,PF,24,NYK,1,4,13.8,.568,,,0.0,0.0,0.0,31.3,0.0,0.0,0.0,9.3,,0.0,0.0,0.0,.132,,-4.2,-10.5,-14.7,0.0
220,Buddy Hield\hieldbu01,SG,26,SAC,70,2243,17.3,.587,.465,.147,4.4,12.4,8.3,11.6,1.0,1.1,9.8,25.2,,3.4,1.5,5.0,.106,,2.9,-1.8,1.1,1.7
221,Haywood Highsmith\highsha01,SF,22,PHI,2,9,17.3,.750,1.000,.000,0.0,11.5,5.9,29.9,0.0,0.0,0.0,9.3,,0.0,0.0,0.0,.230,,3.5,-4.9,-1.4,0.0
222,Nene Hilario\hilarne01,C,36,HOU,37,482,12.4,.570,.020,.404,6.3,19.6,12.8,6.6,1.8,2.5,7.9,11.4,,0.7,0.5,1.2,.124,,-3.0,1.1,-1.9,0.0
223,George Hill\hillge01,PG,32,TOT,50,1073,11.3,.538,.405,.196,3.1,8.2,5.8,14.1,1.9,0.5,11.2,14.2,,1.0,1.1,2.1,.092,,-1.0,-0.3,-1.3,0.2
223,George Hill\hillge01,PG,32,CLE,13,344,13.5,.604,.262,.187,3.7,5.0,4.3,16.3,1.7,0.3,14.7,17.3,,0.5,0.0,0.5,.068,,0.3,-2.6,-2.2,0.0
223,George Hill\hillge01,PG,32,MIL,37,729,10.3,.499,.489,.201,2.8,9.7,6.4,13.1,2.0,0.7,9.1,12.7,,0.5,1.1,1.6,.104,,-1.6,0.8,-0.8,0.2
224,Solomon Hill\hillso01,SF,27,NOP,38,746,6.8,.487,.547,.197,4.5,11.3,7.9,7.4,1.4,1.0,14.4,9.6,,0.1,0.4,0.5,.032,,-2.1,0.2,-2.0,0.0
225,Aaron Holiday\holidaa01,PG,22,IND,43,486,11.6,.495,.488,.177,0.9,11.7,6.4,17.8,1.7,2.2,11.4,22.9,,-0.2,0.7,0.5,.052,,-2.2,-0.8,-3.0,-0.1
226,Jrue Holiday\holidjr01,SG,28,NOP,67,2402,19.5,.555,.313,.234,3.3,11.0,7.2,31.7,2.1,1.8,14.1,25.4,,3.7,2.0,5.6,.112,,3.0,-0.1,2.8,2.9
227,Justin Holiday\holidju01,SG,29,TOT,71,2230,9.3,.503,.601,.135,1.8,12.3,7.0,8.4,2.2,1.3,11.3,15.3,,-0.8,2.1,1.3,.029,,-1.7,0.7,-1.0,0.5
227,Justin Holiday\holidju01,SG,29,CHI,38,1325,11.0,.531,.685,.117,1.6,12.4,7.0,9.1,2.5,1.4,10.2,15.2,,0.2,1.1,1.3,.048,,0.0,0.8,0.8,0.9
227,Justin Holiday\holidju01,SG,29,MEM,33,905,6.8,.459,.468,.163,2.2,12.0,7.1,7.3,1.9,1.2,12.9,15.4,,-1.0,1.0,0.0,.000,,-4.1,0.6,-3.6,-0.4
228,John Holland\hollajo02,SF,30,CLE,1,1,0.0,,,,0.0,0.0,0.0,0.0,0.0,0.0,,0.0,,0.0,0.0,0.0,-0.031,,-6.3,-0.9,-7.2,0.0
229,Rondae Hollis-Jefferson\holliro01,SF,24,BRK,56,1173,12.4,.469,.104,.387,6.6,18.7,12.7,11.7,1.6,1.7,10.4,21.1,,-0.3,1.5,1.2,.050,,-4.2,1.1,-3.1,-0.3
230,Richaun Holmes\holmeri01,C,25,PHO,64,1050,21.0,.656,.000,.464,10.8,20.6,15.6,7.7,1.7,5.7,10.8,17.8,,2.8,1.1,3.9,.179,,0.0,1.7,1.7,1.0
231,Rodney Hood\hoodro01,SG,26,TOT,62,1614,12.6,.549,.357,.248,1.4,8.1,4.7,10.1,1.5,0.5,6.5,18.3,,2.0,0.3,2.3,.069,,0.0,-2.3,-2.4,-0.2
231,Rodney Hood\hoodro01,SG,26,CLE,45,1234,13.0,.542,.335,.251,1.6,8.8,5.0,11.6,1.5,0.3,6.7,19.2,,1.5,0.1,1.6,.061,,0.0,-2.6,-2.6,-0.2
231,Rodney Hood\hoodro01,SG,26,POR,17,380,11.3,.576,.441,.237,0.9,6.0,3.5,5.1,1.5,0.8,5.8,15.4,,0.5,0.3,0.8,.096,,-0.1,-1.5,-1.6,0.0
232,Al Horford\horfoal01,C,32,BOS,62,1790,19.7,.599,.297,.120,6.5,18.2,12.3,20.7,1.5,4.0,12.1,18.7,,3.9,2.7,6.5,.176,,1.9,2.8,4.7,3.0
233,Danuel House\houseda01,SF,25,HOU,29,755,12.5,.648,.674,.326,3.6,12.2,7.8,5.8,1.0,1.1,12.3,14.5,,1.3,0.4,1.6,.105,,0.4,-1.5,-1.1,0.2
234,Dwight Howard\howardw01,C,33,WAS,9,230,17.4,.638,.000,.696,11.3,28.3,19.7,2.6,1.4,1.5,15.1,19.6,,0.4,0.2,0.6,.125,,-2.9,-2.3,-5.2,-0.2
235,Kevin Huerter\huertke01,SG,20,ATL,66,1790,9.9,.533,.550,.096,3.0,10.1,6.5,14.1,1.5,1.1,14.5,15.6,,0.5,0.7,1.2,.033,,-1.1,-1.0,-2.0,0.0
236,Chandler Hutchison\hutchch01,SF,22,CHI,44,895,8.8,.507,.239,.182,3.8,18.9,11.3,5.3,1.2,0.6,10.0,12.3,,0.0,0.6,0.6,.031,,-3.8,-0.5,-4.3,-0.5
237,Serge Ibaka\ibakase01,C,29,TOR,65,1813,18.2,.575,.197,.214,8.4,22.8,15.7,7.8,0.7,4.1,10.7,22.3,,2.5,2.8,5.4,.142,,-0.7,1.3,0.6,1.2
238,Andre Iguodala\iguodan01,SF,35,GSW,61,1440,13.3,.590,.483,.236,3.2,13.7,8.7,17.0,1.8,2.8,12.6,10.1,,2.4,1.6,3.9,.131,,0.3,1.7,2.1,1.5
239,Ersan Ilyasova\ilyaser01,PF,31,MIL,58,1037,12.7,.556,.411,.183,9.4,15.8,12.8,6.0,1.3,1.4,10.2,16.2,,1.3,1.6,2.9,.134,,-0.8,0.1,-0.7,0.3
240,Joe Ingles\inglejo01,SF,31,UTA,71,2234,12.8,.568,.594,.161,1.5,12.1,6.8,24.8,1.9,0.7,18.4,17.3,,1.6,3.1,4.7,.100,,0.5,0.9,1.4,1.9
241,Andre Ingram\ingraan01,SG,33,LAL,4,15,-11.9,.000,.500,.000,7.1,6.8,6.9,0.0,3.1,0.0,14.3,19.4,,-0.1,0.0,-0.1,-0.414,,-17.0,-3.2,-20.2,-0.1
242,Brandon Ingram\ingrabr01,SF,21,LAL,52,1760,13.6,.555,.129,.396,2.5,13.0,7.9,12.9,0.7,1.4,13.1,23.3,,0.6,1.3,1.9,.053,,-2.2,-0.8,-2.9,-0.4
243,Kyrie Irving\irvinky01,PG,26,BOS,60,1983,24.9,.596,.344,.200,3.7,12.9,8.3,35.6,2.2,1.4,11.5,29.5,,5.9,2.6,8.6,.207,,6.3,0.4,6.7,4.4
244,Jonathan Isaac\isaacjo01,PF,21,ORL,66,1759,12.6,.533,.414,.235,5.0,16.8,10.8,5.6,1.4,4.1,10.3,16.1,,0.7,2.7,3.4,.092,,-2.3,2.2,-0.1,0.9
245,Wesley Iwundu\iwundwe01,SF,24,ORL,58,1053,8.1,.510,.274,.410,3.2,13.2,8.1,7.6,1.2,1.6,12.9,13.1,,0.1,1.2,1.3,.061,,-4.0,1.0,-3.1,-0.3
246,Demetrius Jackson\jacksde01,PG,24,PHI,6,39,21.0,.656,.400,.267,5.6,2.6,4.1,19.7,2.4,0.0,5.6,19.1,,0.2,0.0,0.2,.235,,4.4,-3.3,1.2,0.0
247,Frank Jackson\jacksfr01,PG,20,NOP,59,1109,8.9,.509,.373,.145,2.3,9.7,6.0,7.6,1.0,0.1,9.1,18.2,,-0.1,0.4,0.3,.014,,-2.4,-2.8,-5.1,-0.9
248,Jaren Jackson\jacksja02,PF,19,MEM,58,1515,16.5,.591,.241,.334,5.4,15.1,10.1,7.3,1.7,5.2,12.7,23.0,,1.2,2.3,3.4,.109,,-1.3,1.6,0.3,0.9
249,Josh Jackson\jacksjo02,SG,21,PHO,72,1747,10.4,.486,.261,.265,3.8,15.6,9.6,14.2,1.9,2.3,16.5,24.2,,-2.7,1.1,-1.6,-0.043,,-4.5,-0.4,-4.9,-1.3
250,Justin Jackson\jacksju01,SF,23,TOT,70,1329,10.2,.541,.528,.168,2.6,11.2,6.9,7.5,0.9,0.9,5.8,13.6,,1.2,0.8,2.0,.074,,-1.0,-1.0,-2.0,0.0
250,Justin Jackson\jacksju01,SF,23,SAC,52,1083,10.1,.546,.539,.169,2.3,11.7,6.9,8.0,1.0,1.0,6.5,12.9,,1.0,0.7,1.7,.075,,-0.9,-0.6,-1.5,0.1
250,Justin Jackson\jacksju01,SF,23,DAL,18,246,10.6,.526,.488,.163,4.0,9.2,6.6,5.0,0.8,0.3,3.2,16.6,,0.2,0.1,0.3,.067,,-1.5,-2.7,-4.1,-0.1
251,Reggie Jackson\jacksre01,PG,28,DET,70,1982,15.4,.554,.453,.237,2.0,8.2,5.0,24.4,1.2,0.3,11.1,23.7,,3.1,1.6,4.7,.114,,2.0,-2.0,0.0,1.0
252,LeBron James\jamesle01,SF,34,LAL,51,1800,26.0,.593,.298,.389,3.1,21.6,12.5,38.0,1.8,1.4,13.0,31.4,,4.6,2.3,6.9,.184,,6.3,1.7,8.0,4.5
253,Amile Jefferson\jeffeam01,PF,25,ORL,7,27,14.9,.515,.000,.667,11.7,28.0,19.7,0.0,1.8,3.1,0.0,12.5,,0.1,0.1,0.1,.188,,-6.0,-2.3,-8.3,0.0
254,John Jenkins\jenkijo01,SG,27,TOT,17,174,7.8,.492,.483,.155,1.2,8.1,4.5,7.6,0.0,0.5,7.5,16.3,,0.0,0.0,-0.1,-0.018,,-3.3,-4.2,-7.5,-0.2
254,John Jenkins\jenkijo01,SG,27,WAS,4,14,20.5,1.500,1.000,.000,0.0,7.9,3.9,9.9,0.0,0.0,0.0,6.1,,0.1,0.0,0.1,.201,,7.4,-5.3,2.2,0.0
254,John Jenkins\jenkijo01,SG,27,NYK,13,160,6.7,.459,.464,.161,1.3,8.2,4.6,7.4,0.0,0.5,7.7,17.2,,-0.1,0.0,-0.1,-0.037,,-4.2,-4.1,-8.3,-0.3
255,Jonas Jerebko\jerebjo01,PF,31,GSW,62,1068,13.6,.594,.523,.231,7.0,19.3,13.4,10.1,0.8,1.0,9.8,15.0,,2.0,1.0,2.9,.131,,0.7,-1.0,-0.3,0.5
256,Alize Johnson\johnsal02,PF,22,IND,11,32,-0.5,.255,.200,.400,3.6,23.9,13.9,0.0,0.0,2.8,0.0,16.1,,-0.1,0.0,-0.1,-0.102,,-12.9,-4.3,-17.2,-0.1
257,Amir Johnson\johnsam01,C,31,PHI,44,459,12.5,.580,.250,.265,9.1,19.3,14.4,16.4,1.5,1.9,22.5,17.9,,0.2,0.6,0.8,.089,,-1.7,0.9,-0.8,0.1
258,B.J. Johnson\johnsbj01,SF,23,ATL,6,43,14.1,.622,.375,.125,4.9,15.1,9.9,0.0,2.2,0.0,10.6,17.9,,0.0,0.0,0.1,.079,,-3.0,-5.4,-8.4,-0.1
259,James Johnson\johnsja01,PF,31,MIA,44,920,11.9,.533,.382,.165,2.0,14.5,8.2,16.7,1.7,2.1,14.5,18.0,,0.3,1.2,1.5,.077,,-2.0,0.9,-1.1,0.2
260,Stanley Johnson\johnsst04,SF,22,TOT,61,1106,9.3,.469,.502,.152,3.2,17.2,10.0,10.2,2.5,1.0,13.9,19.2,,-1.1,1.5,0.4,.019,,-3.3,0.8,-2.4,-0.1
260,Stanley Johnson\johnsst04,SF,22,DET,48,961,9.8,.482,.519,.146,2.7,17.7,9.9,9.4,2.5,1.2,12.9,19.1,,-0.7,1.4,0.7,.034,,-3.0,1.1,-1.9,0.0
260,Stanley Johnson\johnsst04,SF,22,NOP,13,145,6.1,.383,.396,.189,6.5,14.1,10.4,15.7,2.6,0.0,19.6,20.2,,-0.4,0.1,-0.2,-0.076,,-5.2,-0.7,-5.8,-0.1
261,Tyler Johnson\johnsty01,PG-SG,26,TOT,57,1529,12.5,.532,.494,.241,2.4,9.9,6.1,15.9,1.7,1.6,11.7,18.5,,1.0,1.4,2.4,.074,,-0.5,-0.4,-0.9,0.4
261,Tyler Johnson\johnsty01,PG,26,MIA,44,1123,12.4,.540,.509,.219,1.8,9.7,5.8,14.8,1.7,1.7,12.5,19.2,,0.5,1.3,1.8,.077,,-0.6,-0.1,-0.7,0.4
261,Tyler Johnson\johnsty01,SG,26,PHO,13,406,12.8,.506,.448,.312,4.0,10.3,7.1,18.7,1.6,1.2,9.0,16.5,,0.4,0.1,0.5,.065,,-0.3,-1.2,-1.5,0.0
262,Wesley Johnson\johnswe01,SF,31,TOT,36,521,5.6,.473,.608,.128,2.4,11.6,7.0,5.5,1.3,1.7,12.0,11.9,,-0.3,0.3,0.0,.003,,-3.4,-0.7,-4.2,-0.3
262,Wesley Johnson\johnswe01,SF,31,NOP,26,377,7.0,.517,.568,.102,2.8,12.0,7.4,5.2,1.5,1.5,11.5,11.3,,0.0,0.3,0.3,.034,,-2.5,-0.4,-2.8,-0.1
262,Wesley Johnson\johnswe01,SF,31,WAS,10,144,2.0,.374,.703,.189,1.5,10.7,6.1,6.1,0.7,2.3,13.0,13.6,,-0.3,0.0,-0.2,-0.080,,-6.0,-1.6,-7.6,-0.2
263,Nikola Jokic\jokicni01,C,23,DEN,68,2143,26.7,.595,.230,.310,10.0,27.1,18.6,37.6,2.1,1.9,15.8,27.4,,7.0,3.6,10.6,.237,,6.2,3.6,9.8,6.4
264,Damian Jones\jonesda03,C,23,GSW,24,410,15.4,.720,.000,.500,8.4,11.0,9.8,8.8,1.4,5.2,15.1,11.0,,1.0,0.5,1.5,.170,,0.5,2.4,2.9,0.5
265,Derrick Jones\jonesde02,SF,21,MIA,51,964,14.6,.558,.275,.352,9.6,13.4,11.5,4.4,2.0,3.5,10.6,16.3,,1.0,1.4,2.4,.122,,-1.2,1.4,0.2,0.5
266,Jalen Jones\jonesja04,SF,25,CLE,16,214,11.7,.548,.452,.435,5.5,12.4,8.8,4.8,2.1,0.8,9.8,16.8,,0.2,0.1,0.3,.059,,-1.2,-2.1,-3.3,-0.1
267,Terrence Jones\joneste01,PF,27,HOU,2,5,-15.8,.225,.500,.250,0.0,92.0,44.7,0.0,0.0,0.0,18.4,47.3,,-0.1,0.0,-0.1,-0.666,,-36.2,-16.7,-52.9,-0.1
268,Tyus Jones\jonesty01,PG,22,MIN,57,1216,12.9,.469,.295,.164,1.7,8.0,4.8,26.5,2.8,0.4,9.3,13.7,,1.2,0.8,2.0,.080,,-0.8,-1.0,-1.9,0.0
269,DeAndre Jordan\jordade01,C,30,TOT,66,1971,19.1,.675,.000,.583,11.8,35.7,23.7,11.5,1.0,3.0,21.3,14.9,,3.9,3.0,6.9,.167,,-0.9,3.2,2.4,2.2
269,DeAndre Jordan\jordade01,C,30,DAL,50,1554,18.2,.672,.000,.613,11.3,36.3,23.8,9.6,1.0,2.9,21.3,14.4,,2.8,2.5,5.2,.162,,-1.4,3.3,1.9,1.6
269,DeAndre Jordan\jordade01,C,30,NYK,16,417,22.7,.687,.000,.491,13.9,33.4,23.3,18.5,0.8,3.5,21.4,16.7,,1.2,0.5,1.6,.188,,1.1,2.9,4.0,0.6
270,Cory Joseph\josepco01,PG,27,IND,72,1818,11.4,.491,.318,.081,2.1,13.1,7.7,20.6,2.1,0.9,12.7,13.8,,0.7,2.6,3.3,.088,,-1.7,1.3,-0.4,0.7
271,Frank Kaminsky\kaminfr01,C,25,CHO,35,493,15.9,.587,.445,.351,6.4,17.1,11.7,12.2,0.5,1.2,12.7,22.0,,0.7,0.3,1.0,.097,,0.4,-2.4,-1.9,0.0
272,Enes Kanter\kanteen01,C,26,TOT,57,1367,21.8,.588,.050,.301,15.6,27.2,21.3,12.9,0.8,1.3,13.6,22.9,,3.1,1.2,4.2,.149,,1.2,-0.2,1.0,1.0
272,Enes Kanter\kanteen01,C,26,NYK,44,1128,21.8,.585,.047,.276,15.4,28.0,21.5,12.9,0.8,1.3,13.1,22.7,,2.5,0.9,3.4,.143,,1.1,-0.2,0.9,0.8
272,Enes Kanter\kanteen01,C,26,POR,13,239,21.7,.600,.064,.426,16.4,23.6,20.1,12.8,1.2,1.3,15.8,23.4,,0.6,0.3,0.9,.177,,1.3,0.0,1.3,0.2
273,Luke Kennard\kennalu01,SG,22,DET,52,1166,11.7,.551,.517,.114,0.9,13.6,7.0,12.2,0.9,0.7,9.0,17.9,,0.9,1.0,2.0,.080,,-0.7,-0.9,-1.6,0.1
274,Michael Kidd-Gilchrist\kiddgmi01,PF,25,CHO,58,1093,13.7,.556,.132,.389,8.3,14.7,11.5,6.9,1.2,3.0,10.1,15.9,,1.5,0.9,2.4,.105,,-1.6,0.3,-1.2,0.2
275,George King\kingge03,SF,25,PHO,1,6,1.9,,,,0.0,18.9,9.3,0.0,0.0,0.0,,0.0,,0.0,0.0,0.0,.002,,-8.8,-1.7,-10.5,0.0
276,Maxi Kleber\klebima01,PF,27,DAL,62,1275,13.4,.574,.558,.197,6.7,16.2,11.4,6.9,1.2,4.8,11.2,13.8,,1.4,1.5,2.9,.111,,-0.7,2.2,1.5,1.1
277,Brandon Knight\knighbr03,PG,27,TOT,29,476,10.9,.500,.537,.143,1.3,8.0,4.5,16.8,1.5,0.2,7.5,18.5,,0.3,0.0,0.3,.034,,-0.7,-3.6,-4.3,-0.3
277,Brandon Knight\knighbr03,PG,27,HOU,12,118,0.8,.347,.681,.234,0.9,7.8,4.3,10.8,0.8,0.0,8.8,20.9,,-0.3,0.0,-0.3,-0.118,,-6.8,-4.8,-11.6,-0.3
277,Brandon Knight\knighbr03,PG,27,CLE,17,358,14.2,.559,.484,.109,1.5,8.0,4.6,18.7,1.7,0.2,6.9,17.6,,0.6,0.0,0.6,.084,,1.3,-3.2,-1.9,0.0
278,Kevin Knox\knoxke01,PF,19,NYK,65,1839,8.6,.473,.389,.234,3.0,13.7,8.2,5.8,1.0,0.9,10.0,22.0,,-1.8,0.7,-1.1,-0.029,,-3.5,-2.4,-5.9,-1.8
279,Furkan Korkmaz\korkmfu01,SG,21,PHI,46,654,11.7,.533,.594,.179,2.7,14.0,8.5,11.0,2.0,0.2,9.0,17.8,,0.4,0.7,1.2,.085,,-0.6,-1.2,-1.8,0.0
280,Luke Kornet\kornelu01,PF,23,NYK,37,571,13.6,.513,.684,.177,3.6,13.5,8.4,10.2,1.9,3.4,7.8,18.2,,0.3,0.5,0.8,.067,,-0.2,-0.1,-0.3,0.2
281,Kyle Korver\korveky01,SG-PF,37,TOT,65,1246,11.7,.596,.720,.149,0.7,12.1,6.4,8.4,0.9,0.8,10.3,18.4,,1.1,1.1,2.3,.087,,0.3,-1.6,-1.3,0.2
281,Kyle Korver\korveky01,PF,37,CLE,16,251,11.3,.650,.711,.211,0.0,13.3,6.4,10.3,0.6,0.7,17.0,17.5,,0.2,0.0,0.2,.045,,-0.2,-3.4,-3.6,-0.1
281,Kyle Korver\korveky01,SG,37,UTA,49,995,11.8,.585,.722,.136,0.9,11.8,6.4,7.9,1.0,0.8,8.7,18.7,,0.9,1.1,2.0,.097,,0.5,-1.2,-0.7,0.3
282,Kosta Koufos\koufoko01,C,29,SAC,33,388,12.6,.478,.000,.147,10.9,27.2,18.9,8.9,1.7,3.1,13.9,15.2,,0.0,0.6,0.6,.075,,-4.2,2.2,-2.0,0.0
283,Rodions Kurucs\kurucro01,SF,20,BRK,54,1118,12.0,.573,.390,.212,4.6,14.5,9.5,5.8,1.6,1.6,14.2,18.4,,0.4,1.3,1.7,.074,,-2.0,0.2,-1.9,0.0
284,Kyle Kuzma\kuzmaky01,PF,23,LAL,65,2147,14.3,.548,.379,.233,2.9,14.3,8.7,12.2,0.9,0.8,10.3,23.7,,1.3,1.7,2.9,.066,,-0.2,-1.4,-1.6,0.2
285,Skal Labissiere\labissk01,PF,22,TOT,18,124,5.5,.504,.367,.433,3.2,17.7,10.4,6.2,0.7,2.7,20.1,14.9,,-0.1,0.1,0.0,-0.007,,-5.8,0.0,-5.8,-0.1
285,Skal Labissiere\labissk01,PF,22,SAC,13,113,6.9,.517,.367,.367,3.6,18.5,10.9,6.8,0.8,2.3,16.7,15.2,,-0.1,0.1,0.1,.021,,-4.7,-0.3,-5.1,-0.1
285,Skal Labissiere\labissk01,PF,22,POR,5,11,-9.6,.000,,,0.0,9.5,4.8,0.0,0.0,7.3,69.4,11.1,,-0.1,0.0,-0.1,-0.304,,-16.3,3.2,-13.1,0.0
286,Jeremy Lamb\lambje01,SG,26,CHO,67,1933,17.0,.553,.339,.266,2.9,18.4,10.5,11.9,1.8,1.2,7.3,22.3,,2.7,1.8,4.5,.112,,0.5,-0.5,0.0,1.0
287,Zach LaVine\lavinza01,SG,23,CHI,63,2171,18.8,.574,.283,.330,2.0,12.8,7.4,22.6,1.3,1.0,14.2,30.5,,1.8,1.1,3.0,.065,,1.8,-1.8,0.0,1.1
288,Jake Layman\laymaja01,SF,24,POR,60,1119,13.8,.597,.439,.130,5.1,13.3,9.3,5.6,1.1,2.1,9.7,16.0,,1.6,1.0,2.6,.111,,0.4,-0.5,-0.1,0.5
289,T.J. Leaf\leaftj01,PF,21,IND,49,417,15.1,.571,.190,.153,7.9,17.8,13.0,6.7,0.6,2.8,6.4,16.4,,0.6,0.6,1.2,.134,,-1.6,-0.3,-1.9,0.0
290,Courtney Lee\leeco01,SG,33,TOT,25,295,10.5,.492,.407,.235,2.4,10.3,6.3,11.9,2.5,0.9,8.2,14.1,,0.1,0.2,0.3,.056,,-2.4,-0.2,-2.6,0.0
290,Courtney Lee\leeco01,SG,33,NYK,12,160,13.8,.527,.340,.298,3.8,14.3,8.9,15.0,2.4,1.1,8.6,15.4,,0.2,0.1,0.3,.087,,-1.0,-0.1,-1.1,0.0
290,Courtney Lee\leeco01,SG,33,DAL,13,135,6.5,.442,.500,.147,0.8,5.6,3.2,8.3,2.5,0.6,7.7,12.5,,-0.1,0.1,0.1,.020,,-4.0,-0.4,-4.3,-0.1
291,Damion Lee\leeda03,SG,26,GSW,26,282,9.6,.564,.556,.167,2.8,13.1,8.1,2.3,1.7,0.0,9.4,16.1,,0.1,0.2,0.3,.057,,-2.0,-2.9,-5.0,-0.2
292,Alex Len\lenal01,C,25,ATL,68,1322,16.4,.565,.278,.347,10.9,19.1,14.9,8.0,0.8,4.0,12.6,21.8,,1.5,1.0,2.5,.089,,-1.0,-0.7,-1.7,0.1
293,Kawhi Leonard\leonaka01,SF,27,TOR,52,1794,26.0,.607,.265,.386,4.3,18.8,11.7,15.9,2.5,1.0,8.5,30.1,,5.5,2.9,8.5,.227,,4.4,0.8,5.1,3.2
294,Meyers Leonard\leoname01,C,26,POR,55,781,15.8,.673,.475,.203,5.9,21.9,14.0,11.6,0.8,0.9,13.9,14.8,,1.9,0.8,2.6,.162,,1.6,-0.3,1.3,0.7
295,Jon Leuer\leuerjo01,PF,29,DET,36,379,13.6,.620,.092,.284,7.0,20.6,13.6,5.8,1.6,0.9,15.8,16.5,,0.4,0.5,0.9,.112,,-2.8,0.2,-2.6,-0.1
296,Caris LeVert\leverca01,SF,24,BRK,31,832,13.8,.495,.312,.223,3.2,12.4,7.8,22.8,1.8,1.0,12.1,24.4,,0.0,0.9,0.9,.052,,-1.2,0.0,-1.2,0.2
297,Damian Lillard\lillada01,PG,28,POR,70,2481,24.3,.595,.412,.345,2.6,10.8,6.8,30.4,1.6,1.0,10.9,29.5,,8.8,2.1,11.0,.212,,6.9,-1.1,5.7,4.8
298,Jeremy Lin\linje01,PG,30,TOT,65,1289,14.3,.568,.347,.395,1.6,11.3,6.4,24.5,1.6,0.7,16.9,22.4,,1.3,0.8,2.0,.076,,-0.7,-2.1,-2.8,-0.2
298,Jeremy Lin\linje01,PG,30,ATL,51,1003,16.0,.594,.342,.435,1.7,11.1,6.3,27.0,1.8,0.6,17.6,22.7,,1.5,0.5,2.0,.095,,0.2,-2.4,-2.2,0.0
298,Jeremy Lin\linje01,PG,30,TOR,14,286,8.2,.470,.364,.255,1.5,11.8,6.8,15.6,1.0,1.2,14.1,21.3,,-0.3,0.3,0.0,.007,,-3.9,-0.9,-4.8,-0.2
299,Shaun Livingston\livinsh01,PG,33,GSW,55,845,11.4,.533,.010,.251,5.0,7.5,6.3,15.2,1.6,2.4,14.5,12.5,,0.9,0.7,1.6,.089,,-2.3,0.4,-1.9,0.0
300,Zach Lofton\loftoza01,SG,26,DET,1,4,-10.0,.000,1.000,.000,0.0,0.0,0.0,0.0,12.3,0.0,50.0,21.5,,-0.1,0.0,0.0,-0.446,,-16.9,8.2,-8.7,0.0
301,Kevon Looney\looneke01,C,22,GSW,68,1333,16.5,.628,.034,.333,14.4,15.9,15.1,10.9,1.4,3.1,12.3,12.2,,3.6,1.5,5.0,.182,,1.6,1.8,3.4,1.8
302,Brook Lopez\lopezbr01,C,30,MIL,72,2059,14.7,.602,.658,.160,1.5,14.4,8.3,5.4,1.0,6.6,9.0,16.8,,2.1,3.9,6.0,.140,,-0.1,2.9,2.7,2.5
303,Robin Lopez\lopezro01,C,30,CHI,65,1370,15.7,.602,.051,.237,9.4,10.2,9.8,8.3,0.4,4.6,14.7,18.5,,1.7,0.7,2.3,.082,,-1.2,0.2,-1.0,0.3
304,Kevin Love\loveke01,PF,30,CLE,17,457,20.6,.566,.537,.482,6.3,40.8,22.9,13.0,0.4,0.8,10.8,28.4,,0.9,0.3,1.2,.130,,1.4,-2.6,-1.2,0.1
305,Kyle Lowry\lowryky01,PG,32,TOR,57,1971,17.0,.568,.607,.264,2.1,12.6,7.4,35.9,1.9,1.2,18.1,19.7,,3.6,2.5,6.2,.150,,2.9,0.4,3.2,2.6
306,Jordan Loyd\loydjo01,PG,25,TOR,9,37,9.5,.563,.500,.417,3.0,17.2,10.2,7.4,0.0,0.0,12.3,18.7,,0.0,0.0,0.1,.076,,-2.7,-3.0,-5.7,0.0
307,Kalin Lucas\lucaska01,PG,29,DET,1,6,16.6,.532,1.000,2.000,0.0,56.6,27.3,20.7,0.0,0.0,0.0,13.5,,0.0,0.0,0.0,.236,,-1.0,0.5,-0.4,0.0
308,Timothe Luwawu-Cabarrot\luwawti01,SF-SG,23,TOT,41,434,6.7,.461,.533,.156,2.2,12.5,7.3,5.1,1.7,0.8,8.3,15.5,,-0.3,0.3,0.0,.005,,-3.9,-1.6,-5.5,-0.4
308,Timothe Luwawu-Cabarrot\luwawti01,SF,23,OKC,21,123,3.5,.383,.512,.140,3.3,12.0,7.5,4.2,1.5,0.7,9.9,16.7,,-0.2,0.1,-0.1,-0.031,,-6.7,-1.8,-8.5,-0.2
308,Timothe Luwawu-Cabarrot\luwawti01,SG,23,CHI,20,311,8.0,.497,.543,.163,1.8,12.7,7.2,5.5,1.7,0.8,7.5,15.0,,-0.1,0.2,0.1,.019,,-2.8,-1.5,-4.3,-0.2
309,Tyler Lydon\lydonty01,PF,22,DEN,24,90,8.1,.573,.588,.176,7.2,13.3,10.3,7.0,1.1,0.0,17.9,10.5,,0.1,0.1,0.1,.069,,-1.9,-1.2,-3.1,0.0
310,Trey Lyles\lylestr01,PF,23,DEN,56,1024,13.1,.503,.397,.237,4.3,19.4,11.9,10.9,1.3,2.0,10.8,23.4,,0.0,1.3,1.2,.057,,-2.3,-0.8,-3.1,-0.3
311,Shelvin Mack\macksh01,PG,28,TOT,56,1236,10.7,.491,.326,.206,1.6,8.0,4.7,22.9,1.9,0.3,12.8,18.1,,-0.1,1.1,1.0,.040,,-2.4,-1.4,-3.8,-0.6
311,Shelvin Mack\macksh01,PG,28,MEM,53,1204,11.1,.499,.329,.193,1.7,8.0,4.8,23.4,1.9,0.3,12.8,18.1,,0.1,1.1,1.2,.047,,-2.1,-1.4,-3.6,-0.5
311,Shelvin Mack\macksh01,PG,28,CHO,3,32,-4.8,.229,.200,.700,0.0,6.8,3.4,3.9,3.0,0.0,13.3,20.2,,-0.2,0.0,-0.2,-0.248,,-12.8,-1.9,-14.8,-0.1
312,Daryl Macon\maconda01,SG,23,DAL,4,8,19.6,1.000,.000,.000,0.0,0.0,0.0,0.0,6.1,0.0,33.3,16.1,,0.0,0.0,0.0,.080,,-0.5,1.5,1.0,0.0
313,J.P. Macura\macurjp01,SG,23,CHO,1,14,0.6,.250,.500,.000,0.0,15.6,7.7,20.8,0.0,0.0,0.0,24.5,,-0.1,0.0,-0.1,-0.212,,-8.2,-4.9,-13.1,0.0
314,Ian Mahinmi\mahinia01,C,32,WAS,32,453,12.3,.560,.151,.698,9.5,16.8,13.1,6.8,2.5,2.8,15.1,12.4,,0.5,0.5,1.0,.102,,-2.1,1.5,-0.6,0.2
315,Thon Maker\makerth01,C-PF,21,TOT,52,705,11.7,.518,.557,.302,5.2,17.6,11.5,7.0,1.1,4.2,9.1,15.9,,0.3,1.1,1.5,.099,,-2.3,1.4,-1.0,0.2
315,Thon Maker\makerth01,C,21,MIL,35,409,13.0,.546,.582,.276,4.5,18.7,12.0,5.9,1.1,3.7,5.7,16.4,,0.4,0.7,1.1,.134,,-1.5,0.7,-0.8,0.1
315,Thon Maker\makerth01,PF,21,DET,17,296,9.9,.473,.513,.346,6.1,16.1,10.9,8.6,1.0,4.9,14.3,15.2,,-0.1,0.4,0.3,.052,,-3.5,2.3,-1.1,0.1
316,Boban Marjanovic\marjabo01,C,30,TOT,48,547,23.9,.663,.015,.603,14.6,27.1,21.0,11.0,1.1,3.5,17.1,23.4,,1.6,0.8,2.4,.207,,0.8,0.6,1.4,0.5
316,Boban Marjanovic\marjabo01,C,30,LAC,36,376,25.1,.666,.014,.679,15.9,26.5,21.4,9.4,1.4,3.6,16.9,24.5,,1.2,0.6,1.7,.221,,1.2,0.4,1.7,0.3
316,Boban Marjanovic\marjabo01,C,30,PHI,12,171,21.2,.657,.017,.424,11.6,28.3,20.2,14.7,0.6,3.2,17.6,20.8,,0.4,0.2,0.6,.176,,-0.3,1.1,0.8,0.1
317,Lauri Markkanen\markkla01,PF,21,CHI,50,1639,17.2,.559,.422,.241,4.5,25.6,15.1,7.4,1.0,1.6,8.7,24.7,,1.5,1.4,2.9,.085,,0.0,-1.6,-1.7,0.1
318,Jarell Martin\martija01,PF,24,ORL,36,283,10.3,.547,.516,.097,3.7,19.8,11.7,7.7,0.3,2.4,10.2,16.6,,0.1,0.3,0.5,.077,,-3.0,-0.6,-3.6,-0.1
319,Frank Mason\masonfr01,PG,24,SAC,35,403,12.5,.496,.361,.361,1.0,8.8,4.8,27.3,1.8,0.8,15.0,20.5,,0.1,0.3,0.4,.046,,-2.2,-2.3,-4.5,-0.3
320,Wesley Matthews\matthwe02,SF-SG,32,TOT,62,1897,11.0,.556,.580,.248,1.6,7.3,4.5,11.2,1.3,0.7,10.5,18.0,,1.4,1.3,2.7,.069,,0.0,-1.3,-1.3,0.3
320,Wesley Matthews\matthwe02,SF,32,DAL,44,1312,11.4,.556,.561,.235,1.7,6.7,4.2,11.7,1.2,0.8,10.1,18.8,,1.1,0.7,1.8,.066,,0.1,-1.5,-1.4,0.2
320,Wesley Matthews\matthwe02,SG,32,NYK,2,54,2.9,.330,.526,.263,1.9,4.0,2.9,12.8,0.9,1.6,8.6,18.3,,-0.1,0.0,-0.1,-0.113,,-6.1,-3.3,-9.5,-0.1
320,Wesley Matthews\matthwe02,SG,32,IND,16,531,10.7,.584,.645,.289,1.5,9.0,5.4,9.7,1.4,0.5,11.8,16.0,,0.5,0.6,1.1,.096,,0.3,-0.6,-0.2,0.2
321,Luc Mbah a Moute\mbahalu01,PF,32,LAC,4,61,6.8,.495,.333,.278,3.6,8.4,6.1,4.6,0.8,1.3,9.0,15.3,,0.0,0.0,0.0,.012,,-3.2,-2.0,-5.2,0.0
322,Tahjere McCall\mccalta01,SG,24,BRK,1,8,9.6,.581,.333,.333,0.0,13.1,6.6,0.0,0.0,0.0,0.0,18.1,,0.0,0.0,0.0,.053,,-3.9,-6.0,-9.9,0.0
323,Patrick McCaw\mccawpa01,SG,23,TOT,26,350,7.6,.528,.455,.273,2.2,11.3,6.8,9.3,2.7,0.5,19.6,9.4,,0.0,0.4,0.5,.065,,-2.8,1.7,-1.1,0.1
323,Patrick McCaw\mccawpa01,SG,23,CLE,3,53,-0.7,.278,.444,.000,0.0,6.5,3.1,5.0,1.9,0.0,25.0,9.9,,-0.2,0.0,-0.1,-0.136,,-8.1,-1.1,-9.2,-0.1
323,Patrick McCaw\mccawpa01,SG,23,TOR,23,297,9.1,.570,.457,.326,2.6,12.1,7.4,10.1,2.9,0.6,18.6,9.3,,0.2,0.4,0.6,.101,,-1.8,2.2,0.4,0.2
324,CJ McCollum\mccolcj01,SG,27,POR,68,2321,17.3,.557,.357,.155,2.8,9.7,6.3,13.7,1.1,0.9,7.4,25.5,,4.0,1.6,5.6,.117,,2.2,-1.9,0.3,1.3
325,T.J. McConnell\mccontj01,PG,26,PHI,66,1290,13.7,.558,.109,.095,2.1,9.8,6.1,25.9,2.7,0.9,17.8,14.8,,1.2,1.6,2.8,.103,,-1.5,0.2,-1.2,0.3
326,Doug McDermott\mcderdo01,SF,27,IND,67,1136,11.4,.624,.529,.202,1.3,7.7,4.6,7.0,0.6,0.6,9.2,16.0,,1.5,1.0,2.5,.105,,0.0,-2.1,-2.1,0.0
327,JaVale McGee\mcgeeja01,C,31,LAL,64,1368,20.9,.625,.016,.233,11.6,21.3,16.6,4.3,1.4,7.1,13.2,19.8,,2.2,2.3,4.5,.158,,-1.4,2.5,1.1,1.1
328,Rodney McGruder\mcgruro01,SG,27,MIA,63,1508,9.6,.517,.493,.156,3.9,12.2,8.0,10.4,1.1,0.7,11.6,15.5,,0.5,1.5,2.0,.063,,-1.6,-0.3,-1.9,0.0
329,Alfonzo McKinnie\mckinal01,SF,26,GSW,60,840,11.1,.553,.408,.150,9.9,17.3,13.7,3.9,0.8,1.3,8.9,14.3,,0.9,0.7,1.6,.094,,-1.2,-1.9,-3.0,-0.2
330,Ben McLemore\mclembe01,SG,25,SAC,19,158,10.5,.541,.641,.188,1.9,9.3,5.5,3.4,1.8,1.6,6.7,19.4,,0.1,0.1,0.2,.058,,-1.1,-2.5,-3.6,-0.1
331,Jordan McRae\mcraejo01,SG,27,WAS,20,186,15.1,.592,.221,.294,2.3,10.7,6.5,9.4,1.8,2.3,10.5,19.6,,0.2,0.1,0.3,.078,,-2.0,-1.7,-3.7,-0.1
332,Jodie Meeks\meeksjo01,SG,31,TOR,2,24,15.8,.577,.615,.000,0.0,17.6,9.0,6.7,0.0,0.0,0.0,23.2,,0.0,0.0,0.1,.122,,1.1,-4.9,-3.8,0.0
333,Salah Mejri\mejrisa01,C,32,DAL,28,259,13.3,.549,.190,.224,9.7,21.5,15.6,11.2,1.7,3.6,15.8,12.6,,0.3,0.4,0.6,.118,,-2.4,2.8,0.4,0.2
334,De'Anthony Melton\meltode01,PG,20,PHO,41,793,9.9,.449,.390,.083,2.6,12.7,7.6,23.2,3.4,1.9,20.4,15.3,,-0.7,0.7,0.1,.004,,-3.5,1.1,-2.4,-0.1
335,Chimezie Metu\metuch01,PF,21,SAS,29,145,6.4,.389,.034,.293,6.8,20.1,13.5,12.1,2.0,1.2,18.6,24.4,,-0.5,0.2,-0.3,-0.100,,-8.8,-0.3,-9.1,-0.3
336,Khris Middleton\middlkh01,SF,27,MIL,69,2169,16.1,.556,.419,.236,2.2,16.8,9.9,19.8,1.5,0.2,12.4,24.5,,2.3,3.3,5.5,.123,,0.5,0.1,0.6,1.4
337,C.J. Miles\milescj01,SF,31,TOT,53,856,9.1,.504,.653,.186,1.7,10.4,6.1,6.0,1.5,1.5,8.2,18.6,,-0.2,0.9,0.8,.043,,-2.0,-1.3,-3.3,-0.3
337,C.J. Miles\milescj01,SF,31,TOR,40,562,8.1,.484,.665,.214,2.3,10.5,6.5,5.3,1.5,1.5,8.5,18.7,,-0.2,0.7,0.4,.037,,-2.3,-1.1,-3.5,-0.2
337,C.J. Miles\milescj01,SF,31,MEM,13,294,10.9,.544,.629,.133,0.4,10.1,5.2,7.5,1.4,1.6,7.5,18.4,,0.1,0.3,0.3,.056,,-1.4,-1.5,-2.8,-0.1
338,Darius Miller\milleda01,SF,28,NOP,66,1693,8.5,.556,.763,.142,0.8,6.7,3.8,10.2,1.1,1.1,9.9,13.3,,1.2,0.6,1.8,.052,,0.1,-1.6,-1.4,0.2
339,Malcolm Miller\millema01,SF,25,TOR,6,36,23.4,.750,.889,.000,0.0,5.9,3.0,4.5,1.3,0.0,0.0,21.4,,0.1,0.0,0.2,.234,,8.2,-5.0,3.2,0.0
340,Patty Mills\millspa02,PG,30,SAS,72,1704,13.2,.575,.594,.166,1.5,8.9,5.2,17.5,1.3,0.4,11.9,18.4,,2.1,1.0,3.1,.086,,1.6,-2.0,-0.5,0.7
341,Paul Millsap\millspa01,PF,33,DEN,58,1554,19.1,.581,.237,.381,8.7,20.6,14.6,10.4,2.3,2.8,10.3,19.8,,3.1,2.5,5.6,.172,,1.0,1.9,2.9,1.9
342,Shake Milton\miltosh01,SG,22,PHI,13,126,14.9,.560,.543,.109,6.1,10.6,8.4,14.8,1.5,1.9,5.9,17.0,,0.2,0.1,0.4,.142,,1.4,-1.1,0.4,0.1
343,Nikola Mirotic\mirotni01,PF,27,TOT,46,1245,17.3,.584,.587,.229,5.1,22.7,14.1,6.2,1.2,2.2,7.4,21.4,,2.1,1.5,3.5,.136,,1.3,-1.2,0.1,0.6
343,Nikola Mirotic\mirotni01,PF,27,NOP,32,925,17.6,.591,.568,.248,5.2,24.1,14.8,5.3,1.1,2.2,7.6,21.7,,1.6,0.9,2.5,.132,,1.4,-1.7,-0.2,0.4
343,Nikola Mirotic\mirotni01,PF,27,MIL,14,320,16.3,.562,.644,.170,4.7,18.4,12.0,8.7,1.5,2.3,7.0,20.5,,0.4,0.6,1.0,.150,,0.8,0.1,0.9,0.2
344,Donovan Mitchell\mitchdo01,SG,22,UTA,67,2259,16.7,.530,.344,.251,2.5,10.3,6.5,21.3,2.0,1.0,11.6,31.9,,0.5,3.1,3.7,.078,,0.5,-0.3,0.2,1.3
345,Naz Mitrou-Long\mitrona01,SG,25,UTA,10,39,-2.9,.313,.750,.000,0.0,5.5,2.8,13.2,0.0,0.0,27.3,12.1,,-0.1,0.0,-0.1,-0.101,,-8.3,-2.3,-10.6,-0.1
346,Malik Monk\monkma01,SG,20,CHO,61,1061,12.1,.515,.550,.182,1.3,9.4,5.3,15.1,1.4,1.2,11.9,25.6,,-0.3,0.6,0.3,.013,,-1.0,-3.1,-4.1,-0.5
347,Greg Monroe\monrogr01,C,28,TOR,38,423,13.6,.487,.025,.379,15.6,24.0,19.9,5.4,1.5,1.6,14.2,22.1,,0.0,0.7,0.6,.071,,-4.6,-0.6,-5.1,-0.3
348,E'Twaun Moore\mooreet01,SF,29,NOP,53,1463,11.5,.567,.331,.111,2.5,6.4,4.5,9.5,1.3,0.4,9.6,17.3,,1.3,0.5,1.8,.057,,-0.2,-2.0,-2.1,0.0
349,Eric Moreland\moreler01,PF,27,TOT,4,36,7.4,.583,.167,.000,9.2,38.8,24.1,14.4,0.0,0.0,33.3,10.7,,0.0,0.1,0.1,.082,,-5.3,0.3,-5.0,0.0
349,Eric Moreland\moreler01,PF,27,PHO,1,5,3.9,,,,0.0,68.1,33.3,0.0,0.0,0.0,,0.0,,0.0,0.0,0.0,.079,,-14.1,-3.8,-18.0,0.0
349,Eric Moreland\moreler01,PF,27,TOR,3,31,8.0,.583,.167,.000,10.6,34.1,22.6,16.7,0.0,0.0,33.3,12.4,,0.0,0.0,0.1,.083,,-3.9,1.0,-2.9,0.0
350,Jaylen Morris\morrija01,SG,23,MIL,4,29,12.3,.460,.300,.200,0.0,16.7,8.8,18.2,3.2,0.0,8.4,17.2,,0.0,0.1,0.1,.086,,-3.8,0.9,-2.9,0.0
351,Marcus Morris\morrima03,PF,29,BOS,67,1868,14.7,.580,.461,.202,3.8,19.8,11.8,7.4,1.0,1.0,9.4,20.8,,2.1,2.2,4.3,.112,,-0.2,-1.0,-1.2,0.4
352,Markieff Morris\morrima02,PF,29,TOT,48,1119,11.9,.529,.428,.207,4.8,17.4,11.0,8.8,1.3,1.7,9.6,19.1,,0.5,0.9,1.4,.060,,-1.6,-1.1,-2.7,-0.2
352,Markieff Morris\morrima02,PF,29,WAS,34,883,12.3,.543,.439,.223,5.0,16.6,10.8,9.6,1.3,1.9,11.5,19.6,,0.4,0.5,0.9,.052,,-1.1,-1.0,-2.1,0.0
352,Markieff Morris\morrima02,PF,29,OKC,14,236,10.5,.479,.387,.151,3.8,20.1,11.8,5.8,1.2,0.7,2.0,17.4,,0.1,0.3,0.5,.093,,-3.3,-1.4,-4.8,-0.2
353,Monte Morris\morrimo01,PG,23,DEN,69,1678,16.1,.572,.318,.106,1.9,9.6,5.7,21.9,1.8,0.2,6.9,16.9,,3.7,1.5,5.3,.151,,1.5,-1.3,0.2,0.9
354,Johnathan Motley\motlejo01,PF,23,LAC,17,134,16.5,.539,.048,.540,12.2,19.2,15.8,9.7,1.4,1.2,15.2,28.9,,0.0,0.1,0.2,.060,,-3.0,-2.1,-5.1,-0.1
355,Emmanuel Mudiay\mudiaem01,PG,22,NYK,53,1402,14.8,.536,.279,.241,2.0,10.4,6.1,23.9,1.4,1.0,14.7,25.2,,0.3,0.5,0.8,.028,,-0.3,-2.0,-2.3,-0.1
356,Jamal Murray\murraja01,PG,21,DEN,63,2080,15.2,.533,.354,.184,2.9,10.8,6.9,21.7,1.2,0.9,11.5,24.8,,2.2,1.8,4.0,.091,,0.8,-1.3,-0.5,0.8
357,Dzanan Musa\musadz01,SG,19,BRK,8,34,2.9,.383,.450,.100,3.1,9.3,6.2,5.0,2.8,0.0,16.1,30.9,,-0.2,0.0,-0.2,-0.225,,-10.0,-3.4,-13.4,-0.1
358,Mike Muscala\muscami01,PF,27,TOT,58,1143,10.1,.545,.719,.261,5.0,14.5,9.9,7.8,0.8,2.2,11.1,14.2,,0.9,1.1,2.0,.083,,-0.5,-0.3,-0.8,0.3
358,Mike Muscala\muscami01,PF,27,PHI,47,1041,10.4,.560,.716,.277,5.4,14.8,10.2,7.9,0.8,2.0,12.1,14.3,,0.9,1.0,1.9,.090,,-0.2,-0.2,-0.5,0.4
358,Mike Muscala\muscami01,PF,27,LAL,11,102,6.6,.415,.750,.125,1.0,11.9,6.6,6.2,0.5,4.0,0.0,13.8,,0.0,0.1,0.0,.019,,-3.9,-0.6,-4.4,-0.1
359,Sviatoslav Mykhailiuk\mykhasv01,SF-SG,21,TOT,42,440,6.1,.447,.636,.143,2.2,6.2,4.3,10.9,1.5,0.2,12.4,16.1,,-0.4,0.3,-0.1,-0.015,,-3.6,-2.2,-5.9,-0.4
359,Sviatoslav Mykhailiuk\mykhasv01,SF,21,LAL,39,420,5.9,.451,.644,.152,2.0,6.3,4.2,10.1,1.4,0.2,12.4,15.9,,-0.4,0.3,-0.1,-0.017,,-3.7,-2.3,-5.9,-0.4
359,Sviatoslav Mykhailiuk\mykhasv01,SG,21,DET,3,20,9.8,.375,.500,.000,5.3,5.7,5.5,28.4,2.5,0.0,11.1,19.3,,0.0,0.0,0.0,.016,,-2.6,-1.9,-4.5,0.0
360,Abdel Nader\naderab01,SF,25,OKC,53,620,9.2,.541,.452,.188,1.8,15.7,8.6,3.7,1.3,1.5,10.2,14.7,,0.2,0.8,1.0,.074,,-4.0,-0.7,-4.7,-0.4
361,Larry Nance\nancela02,C,26,CLE,57,1488,18.4,.583,.187,.297,10.1,23.9,16.7,17.5,2.7,2.1,15.3,15.4,,2.7,1.4,4.1,.132,,1.3,2.6,3.9,2.2
362,Shabazz Napier\napiesh01,PG,27,BRK,54,942,15.3,.534,.514,.333,1.6,8.9,5.3,22.3,2.1,1.3,12.0,24.2,,0.9,1.0,1.9,.095,,0.3,-1.1,-0.8,0.3
363,Raul Neto\netora01,PG,26,UTA,30,374,14.1,.563,.383,.172,0.9,12.9,7.0,30.4,1.5,0.4,15.4,18.6,,0.5,0.5,1.0,.127,,-0.6,-0.9,-1.4,0.1
364,Georges Niang\niangge01,PF,25,UTA,49,355,12.5,.602,.642,.122,2.5,16.6,9.6,9.6,0.9,0.7,9.7,17.3,,0.4,0.4,0.9,.117,,-0.3,-1.0,-1.3,0.1
365,Joakim Noah\noahjo01,C,33,MEM,41,684,18.6,.574,.005,.502,9.1,29.7,19.2,20.3,1.5,4.3,16.4,20.1,,0.9,1.2,2.2,.152,,-1.9,3.7,1.8,0.7
366,Nerlens Noel\noelne01,C,24,OKC,67,947,19.2,.593,.000,.281,12.0,20.3,16.0,6.0,3.0,7.5,12.3,13.9,,1.6,2.3,3.9,.198,,-1.7,5.5,3.8,1.4
367,Dirk Nowitzki\nowitdi01,PF,40,DAL,40,551,8.8,.471,.591,.169,0.4,17.9,9.2,6.7,0.6,2.0,4.9,20.9,,-0.3,0.5,0.2,.017,,-3.6,-2.1,-5.7,-0.5
368,Frank Ntilikina\ntilila01,PG,20,NYK,41,872,6.2,.419,.400,.102,1.2,9.0,4.9,19.3,1.7,1.4,15.8,16.6,,-1.2,0.4,-0.8,-0.043,,-4.3,-1.1,-5.4,-0.7
369,James Nunnally\nunnaja01,SF,28,TOT,15,102,7.3,.503,.735,.118,0.0,5.4,2.6,9.5,0.5,0.0,2.7,15.3,,0.1,0.0,0.1,.035,,-1.6,-5.0,-6.6,-0.1
369,James Nunnally\nunnaja01,SF,28,MIN,13,64,12.1,.593,.619,.190,0.0,6.8,3.3,10.9,0.7,0.0,4.2,15.6,,0.1,0.0,0.1,.100,,0.4,-4.6,-4.2,0.0
369,James Nunnally\nunnaja01,SF,28,HOU,2,38,-0.8,.346,.923,.000,0.0,3.0,1.5,7.3,0.0,0.0,0.0,14.9,,-0.1,0.0,-0.1,-0.074,,-4.9,-5.7,-10.5,-0.1
370,Jusuf Nurkic\nurkiju01,C,24,POR,70,1908,23.2,.570,.037,.447,13.6,26.6,20.3,17.9,1.7,4.1,14.9,24.6,,4.3,3.2,7.5,.188,,1.5,3.5,5.0,3.4
371,David Nwaba\nwabada01,SG,26,CLE,41,793,12.8,.558,.311,.358,4.6,13.8,9.0,8.4,1.8,1.6,8.2,14.8,,1.0,0.3,1.3,.077,,-0.7,-0.6,-1.3,0.1
372,Royce O'Neale\onealro01,SF,25,UTA,71,1398,9.5,.592,.498,.131,1.6,17.6,9.6,10.5,1.6,1.3,15.9,11.1,,0.7,2.1,2.8,.097,,-2.0,2.3,0.3,0.8
373,Kyle O'Quinn\oquinky01,C,28,IND,40,339,15.7,.534,.092,.160,9.1,26.4,17.9,20.4,1.2,5.5,18.0,20.1,,0.2,0.7,0.8,.118,,-2.8,3.8,1.0,0.3
374,Semi Ojeleye\ojelese01,PF,24,BOS,49,512,8.6,.546,.575,.252,4.6,11.1,7.8,4.6,0.8,0.7,10.8,13.3,,0.2,0.4,0.7,.064,,-2.3,-1.6,-3.9,-0.2
375,Jahlil Okafor\okafoja01,C,23,NOP,51,748,17.8,.592,.007,.270,10.0,21.0,15.5,6.0,0.8,3.5,11.0,19.9,,1.1,0.7,1.8,.117,,-1.8,-0.7,-2.4,-0.1
376,Elie Okobo\okoboel01,PG,21,PHO,44,782,7.0,.469,.445,.168,1.1,10.6,5.8,19.6,1.5,0.5,18.0,17.1,,-0.7,0.2,-0.5,-0.033,,-4.2,-2.2,-6.4,-0.9
377,Josh Okogie\okogijo01,SG,20,MIN,63,1447,8.9,.486,.442,.311,2.8,11.1,6.9,6.7,2.3,1.5,10.8,15.8,,-0.3,1.1,0.8,.025,,-2.2,0.0,-2.2,-0.1
378,Victor Oladipo\oladivi01,SG,26,IND,36,1147,17.7,.519,.367,.240,2.1,17.2,9.8,25.4,2.6,0.9,11.2,27.9,,0.5,1.9,2.4,.100,,1.2,1.0,2.3,1.2
379,Kelly Olynyk\olynyke01,PF,27,MIA,68,1526,15.2,.616,.557,.336,4.6,18.0,11.3,12.3,1.5,1.6,14.9,18.5,,2.3,2.0,4.3,.136,,0.9,0.6,1.5,1.4
380,Cedi Osman\osmande01,SF,23,CLE,66,2110,11.7,.539,.441,.210,1.9,15.3,8.3,12.7,1.2,0.4,11.4,18.8,,1.1,0.3,1.4,.032,,-0.4,-1.6,-2.0,0.0
381,Kelly Oubre\oubreke01,SF,23,TOT,69,1935,15.2,.551,.401,.290,4.0,14.7,9.3,6.8,2.1,2.5,9.8,23.2,,0.9,1.4,2.3,.057,,-0.9,-1.2,-2.1,0.0
381,Kelly Oubre\oubreke01,SF,23,WAS,29,755,13.3,.545,.433,.279,3.4,15.4,9.3,3.8,1.7,2.2,8.1,21.0,,0.3,0.5,0.8,.053,,-1.8,-1.9,-3.7,-0.3
381,Kelly Oubre\oubreke01,SF,23,PHO,40,1180,16.4,.555,.384,.296,4.3,14.3,9.2,8.8,2.3,2.8,10.7,24.7,,0.6,0.9,1.4,.059,,-0.3,-0.7,-1.0,0.3
382,Zaza Pachulia\pachuza01,C,34,DET,57,775,14.5,.536,.023,.634,12.5,22.1,17.1,14.3,1.8,1.9,17.4,15.0,,1.1,1.1,2.2,.137,,-1.8,2.7,0.9,0.6
383,Jabari Parker\parkeja01,PF,23,TOT,57,1541,15.7,.570,.261,.236,4.7,21.9,13.2,14.4,1.3,1.4,16.0,24.6,,0.1,1.2,1.3,.042,,-1.4,-0.5,-2.0,0.0
383,Jabari Parker\parkeja01,PF,23,CHI,39,1042,14.6,.543,.246,.233,4.3,21.1,12.7,13.2,1.1,1.2,14.1,25.0,,-0.2,0.7,0.6,.026,,-2.0,-1.0,-3.0,-0.3
383,Jabari Parker\parkeja01,PF,23,WAS,18,499,18.0,.630,.295,.245,5.4,23.7,14.4,16.9,1.7,2.0,20.2,23.6,,0.3,0.5,0.8,.076,,-0.3,0.4,0.1,0.3
384,Tony Parker\parketo01,PG,36,CHO,56,1003,15.4,.512,.110,.268,1.5,7.5,4.5,33.4,1.0,0.6,12.7,25.4,,0.7,0.4,1.0,.049,,-1.4,-3.7,-5.1,-0.8
385,Chandler Parsons\parsoch01,SF,30,MEM,15,260,6.7,.437,.612,.082,1.3,15.9,8.5,12.7,2.5,0.7,13.7,17.7,,-0.4,0.4,-0.1,-0.013,,-4.3,0.2,-4.1,-0.1
386,Patrick Patterson\pattepa01,PF,29,OKC,61,854,8.3,.495,.624,.138,4.8,12.9,8.7,4.6,0.9,1.3,8.3,12.0,,0.3,0.9,1.2,.067,,-3.0,-0.6,-3.6,-0.3
387,Justin Patton\pattoju01,C,21,PHI,3,21,10.5,.317,.286,.286,10.5,19.6,15.2,18.8,4.5,0.0,0.0,15.7,,0.0,0.0,0.0,.082,,-2.2,2.3,0.1,0.0
388,Chris Paul\paulch01,PG,33,HOU,48,1565,19.3,.563,.495,.314,2.1,14.0,7.9,39.0,2.9,0.8,16.6,22.2,,3.6,1.6,5.2,.160,,2.7,-0.3,2.4,1.7
389,Cameron Payne\payneca01,PG,24,TOT,40,712,11.6,.519,.377,.184,2.0,9.2,5.6,21.9,1.9,1.1,15.7,17.6,,0.1,0.4,0.5,.033,,-1.9,-1.6,-3.5,-0.3
389,Cameron Payne\payneca01,PG,24,CHI,31,536,10.3,.492,.351,.149,2.0,8.8,5.4,22.4,1.8,1.0,16.0,17.4,,-0.1,0.3,0.2,.016,,-2.7,-1.6,-4.3,-0.3
389,Cameron Payne\payneca01,PG,24,CLE,9,176,15.3,.596,.455,.291,1.8,10.5,6.0,20.2,2.3,1.5,15.1,18.2,,0.2,0.1,0.3,.085,,0.5,-1.5,-1.0,0.0
390,Elfrid Payton\paytoel01,PG,24,NOP,34,999,14.5,.509,.241,.192,4.9,14.2,9.6,32.5,1.7,1.0,19.5,18.1,,0.7,0.7,1.5,.071,,-0.3,0.0,-0.2,0.4
391,Gary Payton\paytoga02,PG,26,WAS,3,16,37.0,.688,.250,.000,6.8,6.9,6.8,45.1,8.9,5.3,11.1,23.9,,0.1,0.0,0.1,.359,,9.8,5.1,14.9,0.1
392,Theo Pinson\pinsoth01,SG,23,BRK,15,188,8.9,.509,.619,.349,1.1,16.8,9.0,14.3,1.3,0.0,17.1,19.7,,-0.1,0.2,0.1,.023,,-3.4,-1.1,-4.6,-0.1
393,Mason Plumlee\plumlma01,C,28,DEN,69,1421,18.2,.609,.022,.468,10.9,21.6,16.2,19.1,1.9,4.1,19.5,16.7,,2.5,2.3,4.8,.162,,0.3,3.7,4.0,2.2
394,Miles Plumlee\plumlmi01,C,30,ATL,18,173,19.0,.654,.000,.625,9.7,14.4,12.0,14.8,1.6,2.0,14.0,16.8,,0.4,0.1,0.5,.147,,0.3,-0.3,0.0,0.1
395,Jakob Poeltl\poeltja01,C,23,SAS,67,1086,19.2,.635,.000,.307,15.5,19.9,17.7,10.8,1.0,4.4,13.8,13.5,,2.9,1.3,4.2,.187,,1.5,2.5,4.0,1.6
396,Quincy Pondexter\pondequ01,SF,30,SAS,47,266,13.6,.627,.327,.691,3.3,14.6,9.0,11.7,1.6,0.3,12.2,13.5,,0.5,0.2,0.7,.134,,-0.3,-0.9,-1.2,0.1
397,Otto Porter\porteot01,SF,25,TOT,56,1683,15.9,.569,.398,.149,3.5,17.0,10.2,10.6,2.3,1.6,8.7,19.1,,1.8,1.5,3.3,.093,,0.4,0.1,0.4,1.0
397,Otto Porter\porteot01,SF,25,WAS,41,1191,15.0,.551,.398,.145,3.6,17.7,10.6,9.6,2.5,1.6,7.8,18.2,,1.0,1.1,2.1,.085,,-0.2,0.3,0.1,0.6
397,Otto Porter\porteot01,SF,25,CHI,15,492,18.0,.609,.398,.159,3.1,15.4,9.2,13.0,1.8,1.6,10.4,21.3,,0.8,0.4,1.2,.113,,1.8,-0.5,1.3,0.4
398,Bobby Portis\portibo01,PF,23,TOT,40,1016,16.2,.536,.292,.160,8.9,24.5,16.6,8.5,1.2,1.3,10.4,25.4,,0.4,0.9,1.2,.057,,-1.3,-2.0,-3.3,-0.3
398,Bobby Portis\portibo01,PF,23,CHI,22,531,17.2,.529,.266,.185,9.5,23.8,16.6,9.2,1.0,1.3,9.0,26.5,,0.3,0.4,0.7,.065,,-0.9,-2.2,-3.1,-0.1
398,Bobby Portis\portibo01,PF,23,WAS,18,485,15.1,.545,.323,.131,8.2,25.3,16.7,7.6,1.5,1.4,12.0,24.1,,0.1,0.4,0.5,.050,,-1.9,-1.7,-3.6,-0.2
399,Dwight Powell\poweldw01,C,27,DAL,67,1380,20.0,.678,.262,.496,8.6,17.3,13.0,10.0,1.3,2.3,10.2,17.4,,4.4,1.5,5.9,.206,,2.4,0.8,3.2,1.8
400,Norman Powell\powelno01,SG,25,TOR,50,930,12.3,.571,.420,.201,1.7,10.5,6.1,11.8,1.6,1.0,13.2,19.2,,0.6,1.1,1.6,.085,,-0.9,-0.5,-1.4,0.1
401,Alex Poythress\poythal01,PF,25,ATL,21,305,12.2,.571,.284,.358,9.9,16.7,13.2,7.8,0.6,2.9,12.2,14.3,,0.4,0.2,0.6,.089,,-1.5,-0.6,-2.2,0.0
402,Zhou Qi\qizh01,PF,23,HOU,1,1,80.8,1.000,.000,.000,0.0,0.0,0.0,0.0,0.0,0.0,0.0,43.4,,0.0,0.0,0.0,1.261,,22.2,-13.0,9.2,0.0
403,Ivan Rabb\rabbiv01,PF,21,MEM,38,485,18.0,.632,.071,.321,11.7,22.5,17.0,12.3,0.9,2.0,13.5,17.1,,1.1,0.6,1.7,.166,,-0.4,0.6,0.2,0.3
404,Chasson Randle\randlch01,PG,25,WAS,39,581,10.1,.578,.515,.257,1.5,7.0,4.2,16.9,1.7,0.1,16.3,16.6,,0.4,0.2,0.5,.044,,-1.2,-3.0,-4.3,-0.3
405,Julius Randle\randlju01,C,24,NOP,67,2046,20.8,.597,.176,.447,7.4,21.8,14.7,15.7,1.1,1.8,13.5,27.4,,3.9,1.8,5.7,.133,,1.7,-0.3,1.4,1.8
406,J.J. Redick\redicjj01,SG,34,PHI,68,2139,14.7,.596,.587,.243,0.9,7.1,4.1,13.1,0.6,0.6,8.2,21.6,,4.0,1.2,5.1,.115,,2.4,-3.1,-0.7,0.7
407,Davon Reed\reedda01,SG,23,IND,8,22,7.9,.625,.250,.000,5.2,5.0,5.1,11.9,0.0,0.0,20.0,9.9,,0.0,0.0,0.0,.070,,-2.6,-2.3,-5.0,0.0
408,Cameron Reynolds\reynoca01,SG,23,MIN,8,112,5.5,.435,.655,.069,0.9,6.8,3.8,4.6,1.7,0.8,3.2,11.5,,0.0,0.0,0.0,.006,,-2.9,-1.6,-4.5,-0.1
409,Josh Richardson\richajo01,SG,25,MIA,69,2410,14.0,.535,.440,.225,2.4,9.0,5.7,17.7,1.5,1.2,9.4,21.2,,2.9,2.4,5.3,.105,,1.0,-0.5,0.5,1.5
410,Malachi Richardson\richama01,SG,23,TOR,22,103,0.9,.481,.862,.172,2.1,11.3,6.8,0.0,0.5,0.0,20.4,16.3,,-0.2,0.1,-0.1,-0.058,,-6.2,-4.4,-10.6,-0.2
411,Austin Rivers\riverau01,PG-SG,26,TOT,67,1814,7.7,.507,.574,.174,1.4,7.8,4.6,11.6,1.1,1.0,10.6,14.5,,0.3,0.6,0.9,.023,,-2.0,-1.7,-3.7,-0.8
411,Austin Rivers\riverau01,SG,26,WAS,29,683,6.8,.490,.546,.237,1.7,9.7,5.7,11.2,1.2,1.2,14.4,15.6,,-0.4,0.2,-0.2,-0.014,,-3.0,-1.5,-4.6,-0.4
411,Austin Rivers\riverau01,PG,26,HOU,38,1131,8.2,.517,.591,.134,1.3,6.7,3.9,11.8,1.0,0.8,8.0,13.8,,0.7,0.4,1.1,.045,,-1.3,-1.8,-3.2,-0.3
412,Devin Robinson\robinde01,SF,23,WAS,4,32,26.1,.607,.000,.462,6.8,17.3,11.9,10.1,4.4,2.6,0.0,20.8,,0.1,0.0,0.1,.223,,1.3,1.0,2.3,0.0
413,Duncan Robinson\robindu01,PF,24,MIA,10,77,7.8,.551,.850,.100,0.0,13.9,7.0,1.8,1.3,0.0,4.6,12.2,,0.0,0.1,0.1,.067,,-2.6,-2.2,-4.8,-0.1
414,Glenn Robinson\robingl02,SF,25,DET,41,534,8.0,.502,.357,.223,3.0,8.7,5.7,4.6,1.1,1.1,9.5,15.3,,0.0,0.5,0.4,.040,,-3.7,-0.9,-4.6,-0.4
415,Jerome Robinson\robinje01,SG,21,LAC,25,228,6.5,.466,.519,.074,1.4,11.3,6.5,5.5,1.5,0.7,4.6,16.2,,-0.1,0.2,0.1,.019,,-2.7,-2.0,-4.7,-0.2
416,Mitchell Robinson\robinmi01,C,20,NYK,56,1066,21.5,.675,.000,.454,13.7,17.4,15.5,4.3,1.8,10.8,9.8,12.1,,2.9,1.7,4.6,.206,,0.4,5.6,6.0,2.2
417,Rajon Rondo\rondora01,PG,32,LAL,37,1080,12.2,.487,.300,.089,2.9,15.7,9.4,35.3,1.7,0.5,23.1,17.5,,-0.1,1.1,1.0,.045,,-2.1,0.2,-1.9,0.0
418,Derrick Rose\rosede01,PG,30,MIN,51,1392,19.6,.557,.194,.212,2.5,8.3,5.4,26.4,1.1,0.7,9.1,27.2,,2.8,0.3,3.1,.107,,2.4,-3.0,-0.6,0.5
419,Terrence Ross\rosste01,SG,27,ORL,71,1867,14.5,.545,.531,.126,1.3,12.8,7.0,9.5,1.6,1.2,7.8,24.0,,0.7,2.3,3.0,.077,,0.1,-1.1,-1.0,0.5
420,Terry Rozier\roziete01,PG,24,BOS,69,1581,13.5,.505,.513,.143,2.0,16.8,9.4,17.9,1.9,1.1,8.7,18.8,,1.0,2.1,3.1,.095,,-0.6,0.4,-0.2,0.7
421,Ricky Rubio\rubiori01,PG,28,UTA,61,1726,13.5,.512,.360,.300,2.0,11.9,7.0,32.1,2.3,0.5,18.2,22.7,,0.5,2.5,3.0,.083,,-0.8,0.6,-0.2,0.8
422,D'Angelo Russell\russeda01,PG,22,BRK,72,2165,19.3,.531,.417,.134,2.0,10.9,6.5,40.8,1.9,0.7,13.2,31.5,,2.1,2.2,4.3,.096,,3.7,-0.7,2.9,2.7
423,Domantas Sabonis\sabondo01,C,22,IND,65,1611,22.3,.637,.025,.448,11.4,29.6,20.7,17.9,1.4,1.6,16.3,23.5,,4.0,3.0,6.9,.206,,1.6,2.3,3.9,2.4
424,Brandon Sampson\sampsbr01,SG,21,CHI,5,30,13.6,.750,.625,.000,0.0,14.6,7.3,5.1,0.0,0.0,0.0,11.7,,0.1,0.0,0.1,.136,,1.0,-3.9,-2.9,0.0
425,Dario Saric\saricda01,PF,24,TOT,70,1720,12.7,.555,.466,.216,6.8,17.9,12.3,8.7,1.1,0.3,11.8,17.5,,1.8,1.1,2.9,.080,,0.0,-1.3,-1.3,0.3
425,Dario Saric\saricda01,PF,24,PHI,13,396,8.1,.496,.530,.227,5.8,16.9,11.5,8.9,0.5,0.6,14.7,18.0,,-0.1,0.3,0.2,.026,,-2.4,-1.3,-3.7,-0.2
425,Dario Saric\saricda01,PF,24,MIN,57,1324,14.0,.573,.446,.212,7.1,18.1,12.6,8.6,1.3,0.3,10.9,17.4,,1.9,0.8,2.7,.096,,0.8,-1.3,-0.5,0.5
426,Tomas Satoransky\satorto01,SG,27,WAS,70,1846,14.2,.594,.306,.275,4.0,10.3,7.1,24.3,1.8,0.6,16.3,14.0,,3.4,0.8,4.2,.108,,0.5,-1.0,-0.5,0.7
427,Dennis Schroder\schrode01,PG,25,OKC,69,2005,12.4,.499,.317,.203,1.6,11.2,6.3,21.2,1.3,0.4,12.6,24.7,,0.0,2.2,2.1,.051,,-2.0,-1.5,-3.5,-0.7
428,Mike Scott\scottmi01,PF,30,TOT,70,1166,8.4,.511,.603,.087,3.7,17.3,10.7,7.0,1.1,0.8,10.4,14.9,,0.1,1.1,1.1,.046,,-1.7,-0.9,-2.7,-0.2
428,Mike Scott\scottmi01,PF,30,LAC,52,748,9.5,.521,.578,.078,3.5,20.6,12.3,8.1,1.1,0.8,10.2,14.9,,0.2,0.7,0.9,.058,,-1.5,-0.7,-2.2,0.0
428,Mike Scott\scottmi01,PF,30,PHI,18,418,6.4,.494,.648,.102,3.9,11.3,7.8,5.1,1.0,0.8,10.7,15.0,,-0.1,0.3,0.2,.025,,-2.2,-1.4,-3.6,-0.2
429,Thabo Sefolosha\sefolth01,SF,34,UTA,39,407,12.6,.605,.531,.163,1.6,22.2,12.0,5.5,3.5,1.0,13.9,12.8,,0.2,0.8,1.0,.119,,-2.3,2.7,0.5,0.3
430,Wayne Selden\seldewa01,SG,24,TOT,66,1210,8.7,.505,.372,.218,2.6,9.5,6.1,11.5,1.1,1.0,12.8,17.9,,-0.5,0.7,0.2,.007,,-3.1,-1.6,-4.7,-0.8
430,Wayne Selden\seldewa01,SG,24,MEM,32,455,8.9,.495,.391,.180,3.9,7.1,5.5,12.4,1.1,1.3,11.7,19.4,,-0.2,0.4,0.1,.016,,-3.1,-1.9,-5.0,-0.4
430,Wayne Selden\seldewa01,SG,24,CHI,34,755,8.5,.513,.358,.245,1.9,11.0,6.5,10.9,1.1,0.8,13.6,17.0,,-0.3,0.3,0.0,.002,,-3.1,-1.5,-4.5,-0.5
431,Collin Sexton\sextoco01,PG,20,CLE,72,2238,11.7,.513,.229,.220,2.4,8.4,5.3,15.4,0.8,0.2,12.5,25.3,,-0.4,-0.3,-0.8,-0.016,,-1.8,-3.5,-5.4,-1.9
432,Landry Shamet\shamela01,SG-PG,21,TOT,70,1562,11.1,.609,.716,.165,1.2,6.1,3.7,8.2,1.1,0.5,7.0,15.1,,2.4,0.9,3.3,.100,,1.4,-2.3,-0.9,0.4
432,Landry Shamet\shamela01,SG,21,PHI,54,1108,10.7,.606,.706,.156,1.4,6.0,3.7,7.4,1.0,0.6,6.6,15.0,,1.6,0.7,2.3,.099,,1.0,-2.4,-1.3,0.2
432,Landry Shamet\shamela01,PG,21,LAC,16,454,11.8,.618,.741,.187,0.7,6.3,3.6,10.1,1.1,0.2,8.0,15.2,,0.8,0.2,1.0,.103,,2.4,-2.3,0.0,0.2
433,Iman Shumpert\shumpim01,SG,28,TOT,54,1316,9.4,.498,.600,.101,1.8,11.0,6.3,10.6,2.0,1.4,9.4,14.7,,0.2,1.2,1.3,.049,,-1.3,0.3,-1.1,0.3
433,Iman Shumpert\shumpim01,SG,28,SAC,42,1099,10.1,.511,.580,.118,1.7,10.5,6.0,10.7,2.0,1.5,9.4,15.1,,0.3,1.0,1.3,.057,,-0.9,0.4,-0.5,0.4
433,Iman Shumpert\shumpim01,SG,28,HOU,12,217,5.8,.412,.719,.000,2.0,13.8,7.7,10.2,2.0,0.8,9.5,12.6,,-0.1,0.2,0.0,.009,,-3.7,-0.5,-4.1,-0.1
434,Pascal Siakam\siakapa01,PF,24,TOR,71,2277,18.6,.620,.221,.324,5.4,17.8,11.7,14.4,1.4,1.8,12.0,20.3,,5.1,3.2,8.2,.174,,1.9,1.6,3.5,3.1
435,Jordan Sibert\siberjo01,SG,26,ATL,1,4,29.9,1.500,1.000,.000,0.0,0.0,0.0,0.0,0.0,0.0,0.0,10.2,,0.0,0.0,0.0,.184,,13.0,-6.7,6.3,0.0
436,Ben Simmons\simmobe01,PG,22,PHI,71,2451,20.2,.588,.005,.451,7.0,20.4,13.9,34.4,1.9,1.7,19.5,21.9,,4.5,3.4,7.8,.153,,1.6,2.7,4.3,3.9
437,Jonathon Simmons\simmojo02,SG-SF,29,TOT,52,991,7.4,.448,.294,.269,2.7,9.7,6.2,15.9,1.3,1.2,15.0,18.6,,-1.1,1.0,-0.1,-0.003,,-4.8,-0.4,-5.2,-0.8
437,Jonathon Simmons\simmojo02,SG,29,ORL,41,845,7.5,.445,.290,.252,2.9,9.8,6.3,16.0,1.0,1.4,15.0,19.3,,-1.0,0.9,-0.2,-0.010,,-4.9,-0.4,-5.3,-0.7
437,Jonathon Simmons\simmojo02,SF,29,PHI,11,146,7.3,.470,.324,.405,1.5,9.2,5.5,15.3,2.6,0.0,15.5,14.8,,-0.1,0.2,0.1,.033,,-3.8,-0.6,-4.4,-0.1
438,Kobi Simmons\simmoko01,PG,21,CLE,1,2,0.0,,,,0.0,0.0,0.0,0.0,0.0,0.0,,0.0,,0.0,0.0,0.0,-0.031,,-6.3,-0.9,-7.2,0.0
439,Anfernee Simons\simonan01,SG,19,POR,14,73,-4.5,.328,.400,.267,0.0,10.0,5.1,7.4,0.0,0.0,19.3,24.0,,-0.4,0.0,-0.4,-0.248,,-11.4,-4.5,-15.9,-0.3
440,Marcus Smart\smartma01,SG,24,BOS,71,1954,13.2,.572,.622,.238,2.8,8.7,5.7,19.3,3.1,1.2,16.7,14.2,,2.2,2.8,4.9,.121,,0.7,1.3,2.0,2.0
441,Dennis Smith\smithde03,PG,21,TOT,49,1409,12.6,.506,.317,.251,2.2,8.7,5.4,27.6,2.2,1.2,17.7,24.2,,-0.8,1.1,0.3,.010,,-1.5,-0.9,-2.4,-0.1
441,Dennis Smith\smithde03,PG,21,DAL,32,908,11.6,.527,.350,.230,2.2,9.3,5.8,24.3,2.1,1.0,20.3,23.3,,-0.6,0.8,0.2,.011,,-2.1,-0.4,-2.4,-0.1
441,Dennis Smith\smithde03,PG,21,NYK,17,501,14.3,.475,.266,.283,2.2,7.6,4.8,33.7,2.3,1.5,13.5,25.7,,-0.2,0.3,0.1,.010,,-0.5,-1.7,-2.2,0.0
442,Ish Smith\smithis01,PG,30,DET,44,979,11.6,.487,.303,.122,1.8,10.9,6.2,24.6,1.2,0.9,11.2,19.2,,0.4,0.9,1.3,.063,,-1.8,-0.8,-2.5,-0.1
443,J.R. Smith\smithjr01,SG,33,CLE,11,222,7.8,.444,.494,.127,0.0,9.3,4.5,13.9,2.5,1.2,11.7,18.6,,-0.3,0.1,-0.2,-0.036,,-3.4,-1.6,-5.1,-0.2
444,Jason Smith\smithja02,C-PF,32,TOT,20,190,9.8,.492,.441,.271,9.1,20.3,14.7,9.7,0.7,3.1,16.4,17.5,,0.0,0.2,0.2,.040,,-3.7,-0.6,-4.3,-0.1
444,Jason Smith\smithja02,C,32,WAS,12,130,11.7,.520,.270,.324,9.1,22.1,15.5,12.3,0.4,3.2,14.2,16.1,,0.1,0.1,0.2,.071,,-2.9,-0.3,-3.2,0.0
444,Jason Smith\smithja02,PF,32,MIL,6,40,6.3,.468,.692,.154,8.1,19.3,14.0,3.1,2.3,4.2,26.5,19.8,,-0.1,0.1,0.0,-0.019,,-6.8,1.2,-5.6,0.0
444,Jason Smith\smithja02,PF,32,NOP,2,20,4.6,.405,.778,.222,10.5,10.2,10.4,6.2,0.0,0.0,9.2,22.3,,0.0,0.0,0.0,-0.045,,-2.6,-5.8,-8.4,0.0
445,Tony Snell\snellto01,SG,27,MIL,72,1263,10.4,.575,.563,.109,2.4,9.3,6.1,6.8,0.9,1.1,5.7,12.9,,1.5,1.5,3.0,.113,,-0.8,-0.4,-1.2,0.3
446,Ray Spalding\spaldra01,PF,21,TOT,4,23,16.3,.672,.143,.143,4.7,19.7,12.1,14.5,0.0,10.9,21.2,17.6,,0.0,0.0,0.0,.075,,-3.4,3.4,0.0,0.0
446,Ray Spalding\spaldra01,PF,21,DAL,1,1,0.0,,,,0.0,0.0,0.0,0.0,0.0,0.0,,0.0,,0.0,0.0,0.0,-0.002,,-6.6,0.4,-6.2,0.0
446,Ray Spalding\spaldra01,PF,21,PHO,3,22,17.1,.672,.143,.143,5.0,20.6,12.6,15.2,0.0,11.4,21.2,18.4,,0.0,0.0,0.0,.079,,-3.2,3.5,0.3,0.0
447,Omari Spellman\spellom01,PF,21,ATL,46,805,12.5,.516,.525,.184,9.3,16.4,12.8,8.0,1.5,2.7,10.5,14.9,,0.6,0.6,1.2,.072,,-1.0,0.0,-1.0,0.2
448,Nik Stauskas\stausni01,SG,25,TOT,59,910,11.0,.545,.564,.198,2.0,11.7,6.9,11.8,1.0,0.4,12.7,17.7,,0.6,0.5,1.1,.055,,-0.8,-2.2,-3.0,-0.2
448,Nik Stauskas\stausni01,SG,25,POR,44,673,10.8,.545,.546,.157,1.6,10.9,6.3,12.7,1.0,0.5,14.0,17.9,,0.3,0.4,0.8,.054,,-1.0,-1.9,-2.9,-0.2
448,Nik Stauskas\stausni01,SG,25,CLE,15,237,11.6,.544,.622,.324,3.1,14.1,8.4,9.2,1.0,0.4,8.6,17.1,,0.3,0.0,0.3,.058,,-0.4,-3.0,-3.4,-0.1
449,D.J. Stephens\stephdj01,SG,28,MEM,1,7,5.6,.500,.000,.000,0.0,0.0,0.0,0.0,7.1,0.0,33.3,19.3,,0.0,0.0,0.0,-0.117,,-10.0,2.4,-7.5,0.0
450,Lance Stephenson\stephla01,SG,28,LAL,61,952,12.5,.537,.446,.172,3.0,15.9,9.6,17.8,1.8,0.5,15.5,21.1,,0.0,1.0,1.0,.051,,-1.4,-0.7,-2.1,0.0
451,Edmond Sumner\sumneed01,PG,23,IND,19,170,4.7,.378,.408,.245,4.7,7.7,6.2,6.2,2.6,2.6,12.8,16.0,,-0.4,0.3,-0.1,-0.025,,-5.7,1.1,-4.6,-0.1
452,Caleb Swanigan\swanica01,PF,21,POR,18,145,3.2,.372,.114,.159,9.8,28.1,19.1,6.3,1.3,0.0,25.4,18.4,,-0.4,0.2,-0.3,-0.086,,-8.9,-0.7,-9.6,-0.3
453,Jayson Tatum\tatumja01,SF,20,BOS,71,2217,15.4,.551,.300,.229,3.1,18.1,10.6,9.5,1.7,2.2,9.7,22.1,,1.7,3.1,4.8,.104,,-1.2,0.7,-0.6,0.8
454,Jeff Teague\teaguje01,PG,30,MIN,42,1264,15.5,.528,.252,.368,1.3,7.7,4.5,37.6,1.6,1.2,16.7,19.2,,1.8,0.5,2.3,.088,,0.1,-2.5,-2.4,-0.1
455,Garrett Temple\templga01,SG,32,TOT,65,1818,8.3,.538,.529,.218,1.3,10.3,5.8,7.0,1.7,1.5,11.1,13.4,,0.1,1.9,1.9,.051,,-2.0,0.6,-1.3,0.3
455,Garrett Temple\templga01,SG,32,MEM,49,1530,8.7,.551,.543,.196,1.3,10.0,5.6,6.7,1.6,1.6,11.4,13.9,,0.1,1.6,1.7,.052,,-1.9,0.6,-1.2,0.3
455,Garrett Temple\templga01,SG,32,LAC,16,288,6.3,.460,.439,.368,1.5,11.4,6.6,8.5,2.1,1.1,9.6,10.7,,0.0,0.3,0.3,.042,,-2.6,0.8,-1.7,0.0
456,Milos Teodosic\teodomi01,PG,31,LAC,15,150,6.6,.557,.675,.175,2.2,8.9,5.6,29.0,0.9,0.5,32.8,18.0,,-0.1,0.1,-0.1,-0.016,,-2.8,-3.2,-6.0,-0.2
457,Jared Terrell\terreja01,SG,23,MIN,10,75,0.6,.377,.444,.074,1.4,4.3,2.9,12.4,1.9,1.1,22.3,20.0,,-0.3,0.0,-0.2,-0.155,,-7.7,-2.6,-10.4,-0.2
458,Emanuel Terry\terryem01,PF,22,TOT,3,23,19.7,.571,.000,.571,14.1,19.7,16.8,12.2,6.2,0.0,18.6,20.0,,0.0,0.0,0.1,.120,,-0.7,2.5,1.8,0.0
458,Emanuel Terry\terryem01,PF,22,PHO,2,20,19.9,.654,.000,.333,10.9,22.7,16.7,8.0,7.2,0.0,22.5,19.0,,0.0,0.0,0.1,.130,,-1.2,3.1,1.8,0.0
458,Emanuel Terry\terryem01,PF,22,MIA,1,3,18.5,.266,.000,2.000,35.8,0.0,17.9,40.5,0.0,0.0,0.0,26.8,,0.0,0.0,0.0,.049,,3.1,-1.4,1.7,0.0
459,Daniel Theis\theisda01,C,26,BOS,57,791,17.4,.631,.258,.300,10.2,16.8,13.5,10.8,1.2,4.0,10.5,16.0,,2.1,1.1,3.2,.193,,1.0,1.6,2.6,0.9
460,Isaiah Thomas\thomais02,PG,29,DEN,10,147,6.4,.451,.442,.247,3.7,5.2,4.4,16.8,1.0,0.6,16.6,29.6,,-0.4,0.1,-0.3,-0.085,,-4.8,-4.4,-9.1,-0.3
461,Khyri Thomas\thomakh01,SG,22,DET,23,188,7.3,.437,.538,.169,2.2,9.6,5.8,6.2,1.8,2.3,5.4,16.9,,-0.1,0.2,0.1,.026,,-3.9,-0.3,-4.2,-0.1
462,Lance Thomas\thomala01,PF,30,NYK,39,629,6.5,.480,.406,.181,2.9,13.2,7.9,4.8,1.2,0.8,10.4,13.0,,-0.2,0.3,0.1,.004,,-4.0,-1.2,-5.1,-0.5
463,Klay Thompson\thompkl01,SG,28,GSW,67,2312,17.4,.575,.426,.121,1.7,10.4,6.2,10.8,1.6,1.6,7.4,26.1,,2.9,2.0,4.8,.100,,1.6,-2.0,-0.4,0.9
464,Tristan Thompson\thomptr01,C,27,CLE,36,1055,18.8,.552,.000,.259,15.8,26.0,20.7,11.2,1.3,1.3,11.9,17.4,,2.0,0.6,2.6,.116,,0.4,0.4,0.9,0.8
465,Sindarius Thornwell\thornsi01,SG,24,LAC,54,270,4.2,.446,.313,.542,2.0,13.0,7.6,7.0,2.3,1.2,23.2,12.1,,-0.4,0.3,-0.1,-0.017,,-5.5,0.8,-4.7,-0.2
466,Anthony Tolliver\tollian01,PF,33,MIN,54,859,8.7,.582,.834,.234,1.5,15.7,8.5,5.3,0.8,1.4,11.4,12.4,,0.6,0.4,1.0,.056,,-1.0,-1.4,-2.4,-0.1
467,Karl-Anthony Towns\townska01,C,23,MIN,68,2250,27.0,.628,.277,.334,11.2,28.9,19.9,17.0,1.3,4.4,13.2,28.6,,7.1,2.9,9.9,.211,,5.4,1.9,7.4,5.3
468,Gary Trent\trentga02,SG,20,POR,11,48,-0.4,.337,.455,.182,0.0,13.0,6.7,2.8,0.0,1.7,7.8,22.7,,-0.2,0.0,-0.2,-0.161,,-9.6,-4.4,-14.1,-0.1
469,Allonzo Trier\trieral01,SG,23,NYK,64,1459,12.2,.564,.255,.431,2.2,12.4,7.1,12.8,0.9,0.8,15.8,21.3,,0.5,0.5,0.9,.031,,-2.0,-2.0,-4.0,-0.7
470,P.J. Tucker\tuckepj01,PF,33,HOU,72,2512,9.4,.553,.733,.118,4.7,14.7,9.6,4.8,2.4,1.1,10.6,9.5,,1.9,2.3,4.2,.081,,-0.4,1.5,1.1,2.0
471,Evan Turner\turneev01,PG,30,POR,63,1415,10.7,.491,.115,.223,2.5,18.3,10.6,22.4,1.0,0.8,18.7,16.1,,0.0,1.3,1.3,.045,,-3.0,0.6,-2.4,-0.1
472,Myles Turner\turnemy01,C,22,IND,65,1862,18.0,.563,.246,.251,5.3,21.6,13.6,8.4,1.4,8.7,10.9,20.3,,1.4,4.0,5.4,.140,,-1.6,4.8,3.2,2.5
473,Ekpe Udoh\udohek01,C,31,UTA,41,216,18.1,.694,.000,.354,8.6,16.4,12.5,10.3,1.1,7.0,15.3,13.0,,0.5,0.4,0.9,.196,,-1.1,4.3,3.3,0.3
474,Tyler Ulis\ulisty01,PG,23,CHI,1,1,0.0,,,,0.0,0.0,0.0,0.0,0.0,0.0,,0.0,,0.0,0.0,0.0,-0.015,,-6.6,-0.4,-7.0,0.0
475,Jonas Valanciunas\valanjo01,C,26,TOT,43,905,24.6,.634,.097,.355,10.1,29.3,19.8,11.2,0.9,3.8,12.3,27.4,,2.3,1.6,3.8,.202,,0.6,0.7,1.3,0.8
475,Jonas Valanciunas\valanjo01,C,26,TOR,30,564,24.5,.639,.116,.363,10.5,30.4,20.7,8.5,1.1,3.4,11.5,25.7,,1.6,1.0,2.6,.225,,0.6,0.6,1.2,0.4
475,Jonas Valanciunas\valanjo01,C,26,MEM,13,341,24.8,.626,.070,.343,9.5,27.6,18.4,15.6,0.4,4.5,13.5,30.2,,0.6,0.5,1.2,.163,,0.6,0.9,1.6,0.3
476,Jarred Vanderbilt\vandeja01,PF,19,DEN,10,24,12.9,.326,.143,.714,13.6,45.5,29.5,10.5,4.1,3.7,17.9,19.8,,-0.1,0.1,0.0,.004,,-8.6,4.4,-4.2,0.0
477,Fred VanVleet\vanvlfr01,PG,24,TOR,54,1469,13.7,.541,.494,.192,1.5,8.7,5.2,24.0,1.6,0.7,11.5,18.0,,2.0,1.5,3.6,.117,,0.9,-0.7,0.1,0.8
478,Noah Vonleh\vonleno01,PF,23,NYK,68,1722,14.0,.561,.311,.355,6.7,26.2,16.1,11.0,1.3,2.5,14.7,14.7,,1.6,1.7,3.2,.089,,-1.5,1.6,0.2,0.9
479,Nikola Vucevic\vucevni01,C,28,ORL,71,2219,25.9,.574,.167,.166,9.4,32.4,20.8,22.6,1.6,3.1,9.9,27.8,,4.9,4.3,9.2,.199,,3.1,3.7,6.9,5.0
480,Dwyane Wade\wadedw01,SG,37,MIA,61,1558,15.3,.507,.262,.243,3.7,11.8,7.7,26.3,1.5,2.0,14.0,27.4,,0.0,1.8,1.8,.055,,-0.8,-0.1,-1.0,0.4
481,Moritz Wagner\wagnemo01,C,21,LAL,32,278,11.0,.528,.505,.275,5.0,15.7,10.4,9.0,1.5,1.7,16.4,21.9,,-0.2,0.3,0.1,.023,,-3.1,-1.3,-4.4,-0.2
482,Dion Waiters\waitedi01,SG,27,MIA,33,810,10.7,.517,.586,.110,0.8,11.7,6.2,17.3,1.4,0.6,13.5,20.4,,-0.1,0.8,0.7,.040,,-1.1,-1.2,-2.3,-0.1
483,Kemba Walker\walkeke02,PG,28,CHO,70,2437,20.7,.552,.445,.253,1.9,11.4,6.6,28.2,1.8,1.1,10.4,31.1,,4.0,1.7,5.7,.112,,4.5,-1.6,2.9,3.0
484,Lonnie Walker\walkelo01,SG,20,SAS,8,64,1.8,.311,.250,.167,0.0,18.6,9.4,5.9,3.0,1.3,13.4,20.5,,-0.3,0.1,-0.2,-0.145,,-10.4,0.0,-10.4,-0.1
485,John Wall\walljo01,PG,28,WAS,32,1104,18.1,.527,.306,.317,1.5,10.1,5.7,39.2,2.1,2.2,16.1,28.9,,0.5,0.7,1.2,.052,,0.9,-1.3,-0.3,0.5
486,Tyrone Wallace\wallaty01,PG,24,LAC,54,551,7.1,.438,.083,.266,3.9,12.9,8.5,9.3,1.6,1.0,11.9,18.6,,-0.7,0.5,-0.2,-0.021,,-5.4,-0.8,-6.2,-0.6
487,Taurean Waller-Prince\princta02,SF,24,ATL,48,1337,11.9,.576,.529,.186,1.6,12.6,7.0,11.1,1.6,1.1,14.0,19.6,,0.7,0.7,1.3,.048,,-0.5,-1.4,-2.0,0.0
488,Brad Wanamaker\wanambr01,PG,29,BOS,30,262,13.4,.590,.405,.215,1.2,11.1,6.1,20.1,1.7,0.3,13.9,16.5,,0.4,0.3,0.7,.123,,-1.1,-1.6,-2.6,0.0
489,T.J. Warren\warretj01,SF,25,PHO,43,1360,16.3,.580,.295,.203,2.5,11.9,7.1,7.8,1.8,1.8,7.2,22.6,,1.6,0.6,2.2,.079,,0.2,-1.6,-1.5,0.2
490,Julian Washburn\washbju01,SF,27,MEM,7,110,1.6,.241,.421,.211,4.0,16.7,10.3,3.6,1.8,0.0,12.6,9.7,,-0.3,0.1,-0.1,-0.055,,-8.2,0.4,-7.8,-0.2
491,Yuta Watanabe\watanyu01,SG,24,MEM,10,98,7.0,.448,.321,.357,1.1,21.1,11.0,6.0,1.0,1.0,11.0,16.7,,-0.1,0.1,0.0,-0.010,,-7.2,-1.2,-8.4,-0.2
492,Thomas Welsh\welshth01,C,22,DEN,11,36,16.1,.648,.538,.154,0.0,12.1,6.1,20.3,0.0,0.0,6.7,17.6,,0.1,0.0,0.1,.164,,1.8,-4.4,-2.5,0.0
493,Russell Westbrook\westbru01,PG,30,OKC,63,2262,20.8,.501,.271,.314,4.0,28.4,15.9,45.6,2.6,1.1,16.8,31.5,,0.9,4.4,5.4,.114,,2.2,4.1,6.3,4.7
494,Derrick White\whitede01,PG,24,SAS,57,1462,15.1,.562,.258,.228,2.1,13.0,7.6,21.2,2.0,2.2,14.0,17.6,,1.6,1.5,3.2,.104,,0.1,1.0,1.1,1.1
495,Okaro White\whiteok01,PF,26,WAS,3,6,-4.5,.000,1.000,.000,18.0,18.4,18.2,0.0,0.0,0.0,0.0,14.2,,0.0,0.0,0.0,-0.251,,-11.0,-8.3,-19.3,0.0
496,Hassan Whiteside\whiteha01,C,29,MIA,62,1502,22.8,.547,.026,.358,16.7,35.5,26.1,5.9,1.3,7.2,11.0,22.7,,1.9,3.5,5.3,.170,,-2.4,2.9,0.6,1.0
497,Andrew Wiggins\wiggian01,SF,23,MIN,62,2156,11.8,.480,.289,.249,3.4,11.5,7.5,10.1,1.4,1.7,8.9,24.1,,-0.8,1.1,0.3,.007,,-2.1,-1.2,-3.3,-0.7
498,Alan Williams\willial03,PF,26,BRK,4,22,32.8,.595,.100,.400,19.3,62.1,40.8,24.8,2.2,0.0,7.8,24.5,,0.1,0.1,0.1,.324,,3.6,3.7,7.2,0.1
499,C.J. Williams\willicj01,SG,28,MIN,12,90,7.3,.500,.423,.000,1.2,4.8,3.0,16.8,1.6,0.0,13.3,14.0,,0.0,0.0,0.0,.017,,-2.7,-3.3,-6.0,-0.1
500,Johnathan Williams\willijo04,C,23,LAL,14,189,10.8,.558,.019,.340,12.4,12.3,12.3,4.4,0.5,2.1,14.1,15.6,,0.1,0.1,0.3,.072,,-2.9,-1.1,-4.0,-0.1
501,Kenrich Williams\willike04,SF,24,NOP,38,845,9.4,.490,.543,.076,5.3,16.4,10.9,8.2,1.8,1.3,10.5,12.5,,0.2,0.7,0.9,.053,,-1.4,0.6,-0.8,0.3
502,Lou Williams\willilo02,SG,32,LAC,66,1749,21.8,.555,.256,.433,2.2,9.4,5.9,33.1,1.4,0.4,11.5,32.8,,3.7,1.1,4.8,.131,,3.5,-2.5,1.0,1.3
503,Marvin Williams\willima02,PF,32,CHO,68,1954,12.6,.548,.588,.137,3.9,17.4,10.5,6.3,1.5,2.4,6.3,14.9,,1.9,1.8,3.7,.090,,0.0,0.5,0.4,1.2
504,Robert Williams\williro04,C,21,BOS,28,232,20.0,.742,.000,.326,10.5,18.0,14.3,2.9,1.7,12.7,15.5,10.8,,0.5,0.5,1.0,.214,,-1.6,6.7,5.1,0.4
505,Troy Williams\willitr02,SF,24,SAC,18,286,11.1,.550,.471,.172,3.2,16.8,9.9,4.6,1.6,2.4,7.9,14.6,,0.2,0.3,0.5,.080,,-2.0,0.1,-1.9,0.0
506,D.J. Wilson\wilsodj01,PF,22,MIL,38,661,9.7,.497,.511,.176,5.7,18.6,12.5,7.0,1.1,2.4,10.9,14.0,,0.1,1.1,1.2,.085,,-2.8,1.3,-1.6,0.1
507,Justise Winslow\winslju01,PF,22,MIA,61,1814,13.2,.517,.339,.191,3.6,16.1,9.8,22.0,1.8,0.8,14.8,20.7,,0.5,2.3,2.8,.075,,-0.7,0.9,0.1,1.0
508,Christian Wood\woodch01,PF,23,MIL,13,62,17.2,.585,.200,.600,7.0,24.9,16.5,4.6,0.0,0.0,8.7,23.4,,0.1,0.1,0.2,.149,,-3.4,-4.1,-7.4,-0.1
509,Delon Wright\wrighde01,PG,26,TOT,64,1326,14.0,.515,.302,.237,4.3,11.5,7.9,17.7,2.3,1.5,10.7,17.5,,1.1,1.8,2.9,.105,,-0.8,1.1,0.4,0.8
509,Delon Wright\wrighde01,PG,26,TOR,49,897,14.6,.527,.307,.208,4.8,10.1,7.5,16.9,2.5,1.4,10.4,17.0,,1.1,1.2,2.3,.123,,-0.2,1.2,1.0,0.7
509,Delon Wright\wrighde01,PG,26,MEM,15,429,12.8,.490,.290,.297,3.4,14.4,8.8,19.4,2.0,1.8,11.4,18.5,,0.1,0.5,0.6,.068,,-2.1,1.0,-1.1,0.1
510,Guerschon Yabusele\yabusgu01,PF,23,BOS,34,184,12.5,.515,.350,.300,10.4,12.8,11.6,8.9,1.8,3.4,15.0,18.7,,0.1,0.3,0.3,.084,,-2.5,0.6,-1.9,0.0
511,Nick Young\youngni01,SG,33,DEN,4,37,2.4,.500,.889,.000,0.0,3.0,1.5,6.8,0.0,2.4,18.2,12.6,,0.0,0.0,0.0,-0.019,,-4.2,-2.7,-6.9,0.0
512,Thaddeus Young\youngth01,PF,30,IND,72,2219,16.0,.561,.172,.156,8.9,14.5,11.7,11.6,2.5,1.4,11.7,17.8,,2.6,3.6,6.2,.134,,0.6,2.2,2.8,2.7
513,Trae Young\youngtr01,PG,20,ATL,72,2214,16.2,.538,.384,.332,2.5,10.0,6.2,39.3,1.3,0.6,18.6,28.0,,1.8,0.7,2.4,.052,,1.2,-2.8,-1.7,0.2
514,Cody Zeller\zelleco01,C,26,CHO,49,1243,17.3,.611,.064,.409,9.4,19.6,14.4,12.1,1.5,2.9,13.2,16.2,,2.7,1.3,4.0,.153,,0.3,1.8,2.1,1.3
515,Tyler Zeller\zellety01,C,29,ATL,2,11,1.5,.000,.500,.000,19.0,39.4,29.0,10.7,0.0,0.0,0.0,7.4,,0.0,0.0,0.0,-0.012,,-6.7,-0.4,-7.1,0.0
516,Ante Zizic\zizican01,C,22,CLE,52,962,15.5,.579,.000,.385,10.2,22.7,16.2,6.9,0.7,1.7,13.0,17.8,,1.3,0.3,1.7,.083,,-2.1,-1.3,-3.4,-0.3
517,Ivica Zubac\zubaciv01,C,21,TOT,49,836,18.3,.585,.000,.344,12.5,23.3,18.0,9.5,0.4,3.8,13.7,21.1,,1.4,1.0,2.4,.136,,-1.6,0.5,-1.1,0.2
517,Ivica Zubac\zubaciv01,C,21,LAL,33,516,19.6,.633,.000,.342,11.1,21.2,16.3,7.3,0.4,4.2,12.9,20.5,,1.2,0.6,1.8,.164,,-1.2,0.2,-1.0,0.1
517,Ivica Zubac\zubaciv01,C,21,LAC,16,320,16.3,.511,.000,.347,14.6,26.7,20.8,13.1,0.6,3.2,14.9,22.1,,0.2,0.4,0.6,.090,,-2.1,1.1,-1.1,0.1